Date,Longitude,Latitude,Depth,Rms,Type,Magnitude,Location,EventID
"03/04/2024 10:48:14",37.6789,38.0394,13.9,0.54,"MW",4.5,"Doğanşehir (Malatya)",624739
"02/04/2024 16:33:41",27.7072,36.4394,7,0.71,"ML",4.1,"Ege Denizi - [31.54 km] Datça (Muğla)",624667
"31/03/2024 13:38:06",28.0261,34.1069,15,0.929,"MW",4.2,"Akdeniz - [267.87 km] Kaş (Antalya)",624436
"30/03/2024 17:31:49",43.2739,42.5017,13.01,0.54,"MW",4,"Oni, Racha-Lechkhumi-Kvemo Svaneti (Gürcistan) - [108.95 km] Posof (Ardahan)",624337
"30/03/2024 16:44:37",43.4853,42.5006,7.61,0.76,"MW",4.6,"Oni, Racha-Lechkhumi-Kvemo Svaneti (Gürcistan) - [116.05 km] Posof (Ardahan)",624332
"30/03/2024 03:25:04",39.3592,38.5044,13.83,0.43,"MW",4.7,"Merkez (Elazığ)",624287
"25/03/2024 13:10:46",36.2506,37.8519,7.02,0.67,"MW",4,"Saimbeyli (Adana)",623858
"25/03/2024 05:04:43",29.0242,37.035,7.09,0.56,"MW",4,"Köyceğiz (Muğla)",623816
"23/03/2024 07:56:51",27.6089,35.1922,15.92,0.77,"MW",4.3,"Akdeniz - [166.00 km] Marmaris (Muğla)",623686
"21/03/2024 22:20:41",28.7756,39.64,7.7,0.3,"MW",4,"Dursunbey (Balıkesir)",623511
"20/03/2024 08:55:42",36.9886,37.4856,5.13,0.28,"MW",4,"Dulkadiroğlu (Kahramanmaraş)",623342
"12/03/2024 03:27:59",45.6725,34.4083,10.2,0.359,"MW",4.2,"Gilan-e-Gharb, Kermanshah (İran)",622562
"11/03/2024 03:10:17",36.3664,41.4881,18.27,0.48,"MW",4,"Karadeniz - Samsun Körfezi - [17.48 km] Atakum (Samsun)",622460
"10/03/2024 16:55:57",30.1111,36.0925,35.12,0.19,"MW",4.7,"Akdeniz - [19.08 km] Demre (Antalya)",622407
"08/03/2024 07:27:12",28.4006,36.3425,36.05,0.32,"MW",4.4,"Akdeniz - [41.39 km] Marmaris (Muğla)",622215
"05/03/2024 16:17:51",27.4258,35.4578,12.74,0.81,"MW",4,"Akdeniz - [137.23 km] Datça (Muğla)",621942
"05/03/2024 10:15:45",36.0386,36.15,6.04,0.41,"MW",4,"Samandağ (Hatay)",621903
"04/03/2024 21:38:55",27.4278,39.9942,13.32,0.47,"ML",4.9,"Yenice (Çanakkale)",621857
"04/03/2024 11:26:04",37.4081,38.2089,7,0.69,"MW",4.4,"Elbistan (Kahramanmaraş)",621789
"03/03/2024 17:43:55",37.6497,38.0608,12.68,0.47,"MW",4.4,"Doğanşehir (Malatya)",621707
"01/03/2024 17:09:54",37.1389,37.2908,7,0.71,"MW",4.1,"Pazarcık (Kahramanmaraş)",621481
"27/02/2024 16:09:53",27.0183,40.2903,7,0.48,"MW",4.6,"Biga (Çanakkale)",621197
"25/02/2024 01:59:01",25.5594,38.7364,7.44,0.83,"MW",4.2,"Ege Denizi - [73.48 km] Karaburun (İzmir)",620913
"23/02/2024 15:14:32",29.1608,40.4181,10.86,0.44,"MW",4.1,"Gemlik (Bursa)",620807
"19/02/2024 12:23:21",37.8128,38.0933,17.7,0.69,"MW",4.3,"Doğanşehir (Malatya)",620281
"19/02/2024 04:25:39",27.6006,35.1372,11.3,0.67,"MW",4.3,"Akdeniz - [172.09 km] Marmaris (Muğla)",620250
"16/02/2024 06:54:07",37.8003,38.2728,8.09,0.33,"MW",4.1,"Akçadağ (Malatya)",619914
"14/02/2024 11:56:44",36.0644,35.7342,13.9,0.47,"MW",4.2,"Lazkiye (Suriye) - [15.38 km] Yayladağı (Hatay)",619665
"11/02/2024 07:36:29",43.9894,37.4019,5.74,0.23,"ML",4.4,"Yüksekova (Hakkari)",619292
"11/02/2024 03:16:50",23.0036,35.2031,5.13,0.78,"MW",4.1,"Akdeniz",619275
"03/02/2024 06:09:26",43.9789,37.3294,7,0.18,"MW",4.3,"Yüksekova (Hakkari)",618402
"27/01/2024 08:19:19",27.1306,37.9669,8.51,0.38,"MW",5.1,"Ege Denizi - Kuşadası Körfezi - [05.42 km] Menderes (İzmir)",617563
"26/01/2024 01:01:49",36.1428,37.8542,12.56,0.62,"MW",4.4,"Saimbeyli (Adana)",617366
"25/01/2024 16:04:04",38.4589,38.1989,13.88,0.38,"MW",5.2,"Battalgazi (Malatya)",617302
"23/01/2024 23:04:43",30.9206,35.8583,38.82,0.48,"MW",4.1,"Akdeniz - [68.39 km] Kumluca (Antalya)",617109
"21/01/2024 15:41:35",38.8425,38.3686,9.7,0.38,"MW",4,"Kale (Malatya)",616892
"20/01/2024 01:27:34",37.4694,38.8275,5.33,0.47,"MW",4.4,"Gürün (Sivas)",616743
"19/01/2024 17:14:05",23.8022,38.5267,9.94,0.68,"MW",4.4,"Ege Denizi, Eğriboz (Evvoia) - [215.82 km] Çeşme (İzmir)",616717
"18/01/2024 23:37:23",38.4336,38.1194,7.01,0.33,"MW",4,"Sincik (Adıyaman)",616632
"18/01/2024 09:05:36",35.4042,37.7022,18.98,0.67,"MW",4,"Yahyalı (Kayseri)",616585
"11/01/2024 00:40:23",27.7011,36.4758,14.82,0.23,"MW",4.3,"Ege Denizi - [27.63 km] Datça (Muğla)",615810
"10/01/2024 22:38:43",35.925,36.1811,7,0.47,"MW",4.2,"Samandağ (Hatay)",615800
"10/01/2024 00:34:30",35.1722,40.5469,16.81,0.34,"MW",4.2,"Mecitözü (Çorum)",615711
"09/01/2024 22:20:09",37.4911,38.0058,6.97,0.41,"MW",4.1,"Nurhak (Kahramanmaraş)",615709
"08/01/2024 16:19:12",38.7525,38.2842,8.97,0.3,"MW",4.4,"Pütürge (Malatya)",615580
"06/01/2024 15:10:09",38.5897,38.1694,8.76,0.32,"ML",4,"Battalgazi (Malatya)",615342
"06/01/2024 14:53:31",26.8886,38.83,9.18,0.44,"ML",4.2,"Ege Denizi - Çandarlı Körfezi - [07.44 km] Aliağa (İzmir)",615339
"06/01/2024 01:03:52",31.6719,40.8819,7.31,0.51,"MW",4.2,"Merkez (Bolu)",615267
"06/01/2024 00:52:01",20.945,39.8919,7.14,0.64,"MW",4,"Ioannina, Ipeiros (Yunanistan)",615266
"02/01/2024 11:44:46",42.8497,42.52,5.2,0.51,"MW",4.1,"Tsageri, Racha-Lechkhumi-Kvemo Svaneti (Gürcistan) - [103.73 km] Posof (Ardahan)",614913
"01/01/2024 16:28:18",39.9811,39.5553,8.7,0.49,"MW",4.2,"Pülümür (Tunceli)",614759
"31/12/2023 20:06:03",43.9847,37.5328,2.52,0.45,"MW",4.5,"Yüksekova (Hakkari)",614683
"31/12/2023 19:37:50",44.0081,37.3972,3.62,0.09,"MW",4.4,"Yüksekova (Hakkari)",614678
"30/12/2023 16:26:24",39.0192,38.4564,9.36,0.24,"ML",4.2,"Merkez (Elazığ)",614576
"28/12/2023 13:40:34",28.4044,36.3233,57.39,0.44,"ML",4,"Akdeniz - [43.28 km] Marmaris (Muğla)",614322
"28/12/2023 12:34:05",38.1217,38.2664,17.3,0.39,"MW",4.6,"Yeşilyurt (Malatya)",614315
"27/12/2023 16:04:12",33.8236,41.0756,7,0.59,"MW",4.5,"Ilgaz (Çankırı)",614240
"27/12/2023 10:55:12",37.67,38.0411,9.69,0.29,"MW",4.3,"Doğanşehir (Malatya)",614216
"24/12/2023 19:06:58",25.5683,34.4914,7.07,0.77,"MW",4.1,"Akdeniz",613862
"21/12/2023 21:24:33",36.1531,36.3308,9.19,0.25,"MW",4.1,"Antakya (Hatay)",613581
"18/12/2023 23:23:14",39.2872,39.9239,7,0.44,"MW",4.1,"Kelkit (Gümüşhane)",613277
"18/12/2023 01:15:50",39.3175,39.9308,15.03,0.27,"MW",4.3,"Kelkit (Gümüşhane)",613189
"17/12/2023 23:53:52",29.0994,40.7217,11.18,0.2,"MW",4.1,"Marmara Denizi - [08.52 km] Çınarcık (Yalova)",613175
"16/12/2023 20:33:43",28.8678,36.4906,29.62,0.22,"MW",4,"Akdeniz - [21.99 km] Fethiye (Muğla)",613073
"04/12/2023 10:42:20",28.8319,40.4269,8.98,0.47,"MW",5.1,"Marmara Denizi - Gemlik Körfezi - [04.73 km] Mudanya (Bursa)",611620
"01/12/2023 03:18:49",37.61,38.3703,7,0.52,"MW",4.8,"Akçadağ (Malatya)",611237
"23/11/2023 17:49:57",38.571,38.152,6.48,0.3,"MW",4.7,"Battalgazi (Malatya)",610393
"23/11/2023 17:46:08",38.569,38.158,7,0.5,"MW",5.2,"Battalgazi (Malatya)",610392
"20/11/2023 10:36:04",38.777,38.237,7,0.54,"MW",4.5,"Pütürge (Malatya)",610030
"17/11/2023 16:19:29",27.676,36.268,6.22,0.74,"MW",4.1,"Ege Denizi - [49.02 km] Datça (Muğla)",609812
"16/11/2023 01:32:10",38.539,38.188,11.5,0.35,"MW",4,"Battalgazi (Malatya)",609623
"15/11/2023 00:13:11",47.536,38.258,15,0.41,"MW",4.3,"Neer, Erdebil (İran)",609495
"13/11/2023 17:58:05",44.706,39.412,7,0.56,"MW",4.3,"Maku, West Azarbaijan (İran) - [25.97 km] Doğubayazıt (Ağrı)",609423
"13/11/2023 08:28:27",29.944,37.689,13.23,0.5,"MW",4.4,"Yeşilova (Burdur)",609392
"11/11/2023 12:05:32",31.898,36.26,89.75,0.9,"MW",4.2,"Akdeniz - [30.36 km] Alanya (Antalya)",609232
"09/11/2023 05:32:14",36.371,36.622,8.28,0.25,"MW",4.8,"Kırıkhan (Hatay)",608985
"08/11/2023 15:39:41",30.231,37.093,95.4,0.5,"ML",4.5,"Korkuteli (Antalya)",608949
"08/11/2023 10:08:57",48.92,39.491,15,0.74,"ML",4.4,"Salyan (Azerbaycan)",608931
"07/11/2023 23:05:48",27.526,40.471,4.33,0.4,"MW",4.1,"Marmara Denizi - [03.10 km] Marmara (Balıkesir)",608882
"04/11/2023 02:50:19",25.967,39.054,15.73,0.35,"MW",4,"Ege Denizi - [47.99 km] Ayvacık (Çanakkale)",608523
"03/11/2023 09:26:19",22.906,38.523,7,0.46,"ML",5,"Boeotia, Stereá Elláda (Yunanistan)",608458
"03/11/2023 06:55:37",27.217,35.258,11.22,0.46,"MW",4.1,"Akdeniz - [160.78 km] Datça (Muğla)",608439
"30/10/2023 19:25:47",36.404,37.995,7.07,0.52,"MW",4.2,"Göksun (Kahramanmaraş)",608073
"29/10/2023 13:59:08",20.744,38.158,6.91,0.96,"MW",4.2,"Kefallinia, Ionioi Nisoi (Yunanistan)",607969
"29/10/2023 10:41:30",21.016,37.967,6.64,0.95,"MW",4.1,"İyon Denizi",607958
"28/10/2023 18:49:03",32.946,38.906,7.02,0.39,"MW",4,"Kulu (Konya)",607896
"25/10/2023 03:36:18",22.381,35.578,43.9,0.76,"MW",4,"Akdeniz",607461
"24/10/2023 03:39:33",38.685,38.202,7.5,0.26,"MW",4.3,"Pütürge (Malatya)",607361
"23/10/2023 09:05:11",45.304,38.465,7,0.71,"MW",4,"Marand, Doğu Azerbaycan (İran) - [77.15 km] Başkale (Van)",607273
"22/10/2023 11:13:43",22.481,39.031,37.8,0.45,"MW",4,"Fthiotis, Stereá Elláda (Yunanistan)",607154
"21/10/2023 08:05:11",43.525,38.925,12.82,0.56,"MW",4,"Van Gölü - [02.63 km] Tuşba (Van)",607069
"21/10/2023 06:47:56",26.453,35.068,6.4,0.7,"MW",4.2,"Akdeniz - [201.61 km] Datça (Muğla)",607068
"18/10/2023 15:55:25",27.663,38.191,7,0.38,"MW",4.2,"Bayındır (İzmir)",606727
"16/10/2023 14:51:01",36.328,37.815,6.89,0.48,"MW",4.1,"Andırın (Kahramanmaraş)",606498
"14/10/2023 17:07:09",31.736,40.874,7.7,0.32,"MW",4.5,"Merkez (Bolu)",606286
"14/10/2023 11:00:04",24.711,34.468,7.22,0.67,"MW",4.1,"Akdeniz",606267
"12/10/2023 14:04:04",43.501,38.906,7,0.54,"MW",4.7,"Van Gölü - [04.01 km] Tuşba (Van)",606053
"09/10/2023 09:28:53",38.146,38.326,6.96,0.35,"MW",4.3,"Yeşilyurt (Malatya)",605778
"08/10/2023 01:01:46",38.151,38.103,5.93,0.41,"MW",4.4,"Yeşilyurt (Malatya)",605630
"05/10/2023 18:23:18",36.618,37.888,10.24,0.46,"MW",4.3,"Onikişubat (Kahramanmaraş)",605380
"04/10/2023 10:58:14",35.894,36.072,10.81,0.54,"ML",4,"Akdeniz - [06.10 km] Samandağ (Hatay)",605197
"30/09/2023 12:38:52",27.051,36.939,6.28,0.15,"MW",4.1,"Ege Denizi - [19.95 km] Bodrum (Muğla)",604757
"28/09/2023 21:42:46",29.511,39.094,9.81,0.29,"MW",4,"Gediz (Kütahya)",604532
"28/09/2023 09:18:24",37.374,38.367,14.37,0.58,"MW",4,"Elbistan (Kahramanmaraş)",604457
"23/09/2023 11:22:21",36.327,37.919,8.48,0.42,"MW",4.6,"Göksun (Kahramanmaraş)",603877
"21/09/2023 17:43:01",45.739,38.542,7,0.67,"MW",4.2,"Marand, Doğu Azerbaycan (İran) - [116.05 km] Başkale (Van)",603644
"11/09/2023 00:43:48",44.411,35.024,7,0.68,"MW",4.8,"Daquq, Kerkük (Irak)",602422
"04/09/2023 08:26:08",27.128,37.957,6.64,0.39,"MW",4.4,"Ege Denizi - Kuşadası Körfezi - [06.50 km] Menderes (İzmir)",601673
"29/08/2023 07:58:14",32.974,38.929,13.57,0.51,"MW",4.8,"Kulu (Konya)",600881
"27/08/2023 06:09:43",27.802,36.44,57.6,0.2,"MW",4.1,"Ege Denizi - [33.46 km] Datça (Muğla)",600685
"26/08/2023 11:58:43",37.552,38.041,6.99,0.37,"ML",4.1,"Nurhak (Kahramanmaraş)",600632
"24/08/2023 08:35:23",38.171,38.309,7,0.5,"MW",5,"Yeşilyurt (Malatya)",600288
"23/08/2023 21:22:32",43.691,39.664,7,0.43,"MW",4.1,"Doğubayazıt (Ağrı)",600210
"23/08/2023 11:19:29",40.335,39.197,11.97,0.9,"MW",4.2,"Kiğı (Bingöl)",600176
"22/08/2023 13:17:32",36.675,38.435,7.06,0.36,"MW",4.7,"Sarız (Kayseri)",600060
"21/08/2023 18:45:57",28.134,36.759,61.85,0.25,"MW",4.1,"Marmaris (Muğla)",599936
"21/08/2023 16:54:32",36.347,37.986,5.17,0.65,"MW",4.1,"Göksun (Kahramanmaraş)",599930
"20/08/2023 10:05:53",36.347,37.996,22.17,0.64,"MW",4.2,"Göksun (Kahramanmaraş)",599792
"17/08/2023 18:25:06",37.716,37.798,5.43,0.39,"MW",4.1,"Gölbaşı (Adıyaman)",599398
"16/08/2023 17:36:58",35.38,37.658,7.3,0.55,"ML",4.5,"Aladağ (Adana)",599289
"13/08/2023 10:49:38",24.172,35.554,4.9,0.98,"MW",4.8,"Ege Denizi, Girit Adası (Kriti) - [320.78 km] Bodrum (Muğla)",598837
"12/08/2023 18:18:19",38.206,38.286,9.13,0.32,"MW",4.2,"Yeşilyurt (Malatya)",598730
"12/08/2023 16:40:01",38.225,38.317,7,0.43,"MW",4.5,"Yeşilyurt (Malatya)",598704
"12/08/2023 16:39:16",38.228,38.312,6.35,0.27,"MW",4.8,"Yeşilyurt (Malatya)",598703
"11/08/2023 04:55:27",40.892,39.38,7.43,0.34,"MW",4.3,"Karlıova (Bingöl)",598469
"10/08/2023 20:48:00",38.209,38.308,7.89,0.39,"MW",5.3,"Yeşilyurt (Malatya)",598386
"10/08/2023 16:16:03",31.351,35.804,12.44,1.33,"MW",4.5,"Akdeniz - [99.07 km] Gazipaşa (Antalya)",598370
"10/08/2023 15:25:52",40.376,38.539,16.81,0.5,"ML",4.2,"Hani (Diyarbakır)",598363
"09/08/2023 20:01:46",38.443,38.193,12.1,0.31,"MW",4.4,"Yeşilyurt (Malatya)",598284
"03/08/2023 07:56:15",38.674,38.167,7.04,0.35,"MW",4.3,"Pütürge (Malatya)",597524
"03/08/2023 05:18:48",26.428,34.848,6.94,0.58,"MW",4.3,"Akdeniz - [224.61 km] Datça (Muğla)",597513
"02/08/2023 00:52:46",26.343,35.074,6.07,0.65,"MW",4.3,"Akdeniz",597363
"01/08/2023 21:37:03",42.18,40.329,9.56,0.41,"MW",4.1,"Narman (Erzurum)",597344
"01/08/2023 18:06:51",32.598,38.078,7.83,0.39,"MW",5,"Selçuklu (Konya)",597322
"26/07/2023 10:03:12",49.306,38.992,7.14,0.71,"MW",4.5,"Hazar Gölü",596583
"25/07/2023 10:57:54",35.888,37.59,9.06,0.42,"MW",4.4,"Kozan (Adana)",596351
"25/07/2023 08:44:49",35.884,37.634,10.38,0.33,"MW",5.5,"Kozan (Adana)",596330
"23/07/2023 13:48:37",37.277,38.19,8.76,0.28,"MW",4,"Elbistan (Kahramanmaraş)",596172
"22/07/2023 17:43:09",37.63,38.043,7.05,0.42,"MW",4.2,"Doğanşehir (Malatya)",596046
"21/07/2023 14:23:24",37.256,38.176,5.55,0.48,"MW",4,"Elbistan (Kahramanmaraş)",595923
"21/07/2023 02:49:14",27.108,37.726,13.11,0.39,"MW",4,"Ege Denizi - Kuşadası Körfezi - [10.31 km] Kuşadası (Aydın)",595814
"18/07/2023 03:27:21",41.826,39.811,7.02,0.53,"MW",4,"Köprüköy (Erzurum)",595456
"12/07/2023 20:37:39",28.104,39.976,6.87,0.18,"ML",4.1,"Susurluk (Balıkesir)",594760
"11/07/2023 12:52:18",26.278,39.373,7,0.41,"MW",4,"Ege Denizi, Midilli Adası (Lesvos) - [14.06 km] Ayvacık (Çanakkale)",594592
"08/07/2023 17:02:34",21.771,38.217,7,0.58,"MW",4.2,"Achaea, Dytiki Ellada (Yunanistan)",594232
"30/06/2023 10:49:47",25.708,36.658,7,0.78,"MW",4,"Ege Denizi",593213
"29/06/2023 16:34:42",37.406,38.007,5.53,0.34,"MW",4,"Nurhak (Kahramanmaraş)",593022
"29/06/2023 08:28:07",36.357,37.998,6.98,0.38,"MW",4.3,"Göksun (Kahramanmaraş)",592976
"27/06/2023 15:40:06",39.213,38.423,7.75,0.25,"MW",4.1,"Sivrice (Elazığ)",592799
"26/06/2023 09:41:29",43.386,37.192,12.12,0.28,"MW",4.7,"Amedi, Duhok (Irak) - [14.08 km] Çukurca (Hakkari)",592594
"22/06/2023 08:21:02",38.452,38.104,7.01,0.29,"MW",4.1,"Çelikhan (Adıyaman)",591887
"22/06/2023 05:42:31",33.491,43.632,17.68,0.92,"MW",4.4,"Karadeniz",591875
"19/06/2023 21:31:30",36.571,38.003,7,0.52,"MW",4.7,"Göksun (Kahramanmaraş)",591465
"19/06/2023 15:58:56",34.667,34.242,6.5,0.87,"MW",4.2,"Akdeniz",591439
"19/06/2023 14:43:24",40.736,39.908,12.52,0.62,"MW",4.3,"Aşkale (Erzurum)",591429
"19/06/2023 13:15:37",44.622,38.837,7,0.88,"MW",4.1,"Khoy, West Azarbaijan (İran) - [32.21 km] Özalp (Van)",591408
"19/06/2023 04:21:35",36.325,37.945,7,0.57,"MW",4,"Göksun (Kahramanmaraş)",591335
"19/06/2023 03:30:18",38.075,38.184,3.3,0.21,"MW",4.4,"Yeşilyurt (Malatya)",591331
"18/06/2023 23:59:21",36.21,37.855,10.15,0.43,"MW",4,"Saimbeyli (Adana)",591305
"18/06/2023 18:36:28",38.619,38.202,7.06,0.36,"MW",4.6,"Pütürge (Malatya)",591273
"18/06/2023 01:02:55",37.424,37.658,11.74,0.32,"MW",4.1,"Pazarcık (Kahramanmaraş)",591140
"17/06/2023 15:30:42",45.056,38.473,7,0.53,"MW",4.8,"Khoy, West Azarbaijan (İran) - [56.42 km] Başkale (Van)",591052
"16/06/2023 18:28:34",23.928,34.955,5.93,0.76,"MW",4.2,"Akdeniz",590853
"16/06/2023 12:54:53",43.154,38.67,7.01,0.8,"MW",4.1,"Van Gölü - [03.15 km] Tuşba (Van)",590809
"16/06/2023 01:02:59",24.019,35.112,5.82,0.47,"MW",4.3,"Akdeniz",590684
"11/06/2023 17:57:02",36.257,37.889,7,0.43,"MW",4.2,"Saimbeyli (Adana)",589864
"11/06/2023 10:41:03",40.969,40.134,7,0.6,"MW",4.6,"Aziziye (Erzurum)",589802
"11/06/2023 07:47:13",36.236,37.888,4.85,0.6,"MW",4,"Saimbeyli (Adana)",589765
"11/06/2023 07:42:00",27.122,37.754,7.52,0.38,"MW",4.2,"Ege Denizi - Kuşadası Körfezi - [09.98 km] Kuşadası (Aydın)",589764
"09/06/2023 04:49:01",39.647,39.859,16.52,0.3,"MW",4,"Çayırlı (Erzincan)",589399
"08/06/2023 15:33:35",21.578,38.525,6.62,0.95,"MW",4.9,"Aitolia and Akarnania, Dytiki Ellada (Yunanistan)",589307
"08/06/2023 06:38:41",36.271,37.79,6.99,0.34,"MW",4.2,"Andırın (Kahramanmaraş)",589222
"07/06/2023 15:26:30",24.481,42.354,10.42,0.32,"MW",4.7,"Saedinenie, Filibe (Bulgaristan) - [167.39 km] Merkez (Edirne)",589079
"05/06/2023 19:40:47",36.554,37.981,11.41,0.48,"MW",4.4,"Göksun (Kahramanmaraş)",588753
"04/06/2023 01:25:20",39.391,38.254,7,0.45,"MW",4.2,"Çüngüş (Diyarbakır)",588410
"03/06/2023 18:07:26",37.29,39.453,7,0.45,"MW",4.1,"Ulaş (Sivas)",588353
"25/05/2023 22:59:06",36.289,37.919,7.17,0.41,"MW",4,"Göksun (Kahramanmaraş)",586627
"25/05/2023 18:02:05",38.589,38.122,6.96,0.22,"MW",4.1,"Pütürge (Malatya)",586608
"23/05/2023 04:12:46",36.297,37.918,7,0.42,"MW",4.2,"Göksun (Kahramanmaraş)",585991
"22/05/2023 20:36:42",48.147,37.891,7,0.65,"MW",4.9,"Khalkhal, Erdebil (İran)",585856
"22/05/2023 19:42:58",36.269,37.876,7,0.42,"MW",4.5,"Saimbeyli (Adana)",585840
"22/05/2023 19:06:58",36.302,37.932,7,0.49,"MW",4.7,"Göksun (Kahramanmaraş)",585839
"21/05/2023 23:16:22",36.223,37.881,7,0.42,"MW",4,"Saimbeyli (Adana)",585656
"21/05/2023 15:46:13",36.237,37.889,6.67,0.39,"MW",4.9,"Saimbeyli (Adana)",585555
"21/05/2023 07:36:08",24.882,35.075,7.59,0.88,"MW",4.1,"Ege Denizi, Girit Adası (Kriti) - [293.13 km] Datça (Muğla)",585515
"20/05/2023 03:48:18",25.098,35.377,7.16,0.97,"MW",4.5,"Ege Denizi",585284
"19/05/2023 11:23:36",37.872,38.312,12.56,0.55,"MW",4.1,"Akçadağ (Malatya)",585121
"18/05/2023 21:58:52",24.859,35.103,9.07,0.88,"MW",5.1,"Ege Denizi, Girit Adası (Kriti) - [292.86 km] Datça (Muğla)",585035
"17/05/2023 22:55:58",24.976,35.164,7.59,0.92,"MW",4.3,"Ege Denizi, Girit Adası (Kriti) - [280.25 km] Datça (Muğla)",584800
"13/05/2023 22:54:45",38.587,38.151,7.47,0.24,"MW",4,"Battalgazi (Malatya)",583761
"12/05/2023 11:36:24",36.222,37.839,7.02,0.56,"MW",4.3,"Saimbeyli (Adana)",583323
"12/05/2023 11:33:21",36.254,37.874,7,0.35,"ML",4.5,"Saimbeyli (Adana)",583319
"11/05/2023 17:57:04",36.589,38.066,11.56,0.39,"MW",4,"Göksun (Kahramanmaraş)",583157
"10/05/2023 02:14:49",33.057,39.109,7.86,0.36,"MW",4.2,"Kulu (Konya)",582706
"09/05/2023 18:22:06",28.843,36.487,7,0.31,"MW",4,"Akdeniz - [23.89 km] Dalaman (Muğla)",582598
"09/05/2023 06:52:15",37.754,34.88,12.66,0.7,"MW",4.4,"Palmyra, Humus (Suriye) - [178.54 km] Altınözü (Hatay)",582456
"08/05/2023 23:20:33",38.403,38.095,8.64,0.27,"MW",4.6,"Çelikhan (Adıyaman)",582396
"08/05/2023 12:24:53",37.683,34.648,5.92,0.97,"MW",4.3,"Palmyra, Humus (Suriye) - [192.58 km] Altınözü (Hatay)",582306
"07/05/2023 11:36:10",36.301,36.426,7.44,0.54,"MW",4.7,"Kırıkhan (Hatay)",582127
"06/05/2023 17:43:25",23.806,35.122,7.54,0.76,"MW",4.4,"Akdeniz",581867
"06/05/2023 15:29:25",36.588,37.836,10.17,0.43,"MW",4.1,"Onikişubat (Kahramanmaraş)",581844
"05/05/2023 17:52:28",36.333,37.977,7.55,0.49,"MW",4.6,"Göksun (Kahramanmaraş)",581604
"04/05/2023 04:50:00",26.189,40.42,18.31,0.42,"MW",4.2,"Ege Denizi - Saros Körfezi - [16.82 km] Eceabat (Çanakkale)",581073
"03/05/2023 20:22:15",36.572,38.073,6.83,0.54,"ML",4.1,"Göksun (Kahramanmaraş)",580996
"03/05/2023 20:16:38",36.569,38.069,7,0.59,"MW",5,"Göksun (Kahramanmaraş)",580995
"03/05/2023 09:20:52",35.531,37.606,13.13,0.44,"MW",4.3,"Aladağ (Adana)",580828
"02/05/2023 00:35:58",38.593,38.138,5.44,0.36,"MW",4.4,"Pütürge (Malatya)",580437
"01/05/2023 18:06:07",21.104,39.665,6.39,0.75,"MW",4.3,"Ioannina, Ipeiros (Yunanistan)",580333
"30/04/2023 16:01:26",37.835,38.314,11.07,0.28,"MW",4.3,"Akçadağ (Malatya)",579993
"29/04/2023 04:55:47",36.488,38.047,7,0.52,"MW",4.7,"Göksun (Kahramanmaraş)",579657
"28/04/2023 08:15:44",36.036,36.165,7,0.5,"MW",4.1,"Samandağ (Hatay)",579340
"27/04/2023 18:33:43",37.338,38.809,7,0.5,"MW",4.3,"Gürün (Sivas)",579151
"26/04/2023 23:00:35",26.32,36.297,54.16,0.7,"MW",5,"Ege Denizi - [110.19 km] Datça (Muğla)",578955
"26/04/2023 18:31:03",36.422,37.986,7.36,0.46,"MW",4.3,"Göksun (Kahramanmaraş)",578911
"26/04/2023 07:48:31",36.23,37.854,7,0.45,"MW",4.1,"Saimbeyli (Adana)",578757
"26/04/2023 01:14:08",37.288,38.057,7,0.6,"MW",4,"Nurhak (Kahramanmaraş)",578621
"25/04/2023 21:48:11",38.638,38.239,11.34,0.25,"MW",4,"Pütürge (Malatya)",578559
"22/04/2023 11:37:53",23.288,38.254,7.05,0.54,"MW",4.6,"Boeotia, Stereá Elláda (Yunanistan)",577615
"20/04/2023 01:44:07",39.194,38.467,11.11,0.36,"MW",4.6,"Sivrice (Elazığ)",576708
"17/04/2023 07:07:18",43.848,39.198,7,0.49,"MW",4,"Çaldıran (Van)",575616
"16/04/2023 00:51:01",37.202,37.609,7.03,0.41,"MW",4.1,"Dulkadiroğlu (Kahramanmaraş)",575275
"15/04/2023 12:37:21",36.242,37.886,7,0.36,"MW",4.2,"Saimbeyli (Adana)",575093
"15/04/2023 02:01:34",36.355,37.986,7,0.67,"MW",4,"Göksun (Kahramanmaraş)",574992
"13/04/2023 16:26:58",38.567,38.118,7,0.53,"MW",4.3,"Sincik (Adıyaman)",574582
"11/04/2023 13:30:45",44.726,39.455,7,0.63,"MW",4.3,"Maku, West Azarbaijan (İran) - [27.86 km] Doğubayazıt (Ağrı)",573636
"11/04/2023 11:17:41",36.457,37.875,10.27,0.41,"MW",4,"Göksun (Kahramanmaraş)",573598
"11/04/2023 01:45:09",37.194,37.506,7.57,0.36,"MW",4,"Dulkadiroğlu (Kahramanmaraş)",573484
"11/04/2023 01:35:39",26.298,34.738,7.23,0.7,"MW",4.2,"Akdeniz",573482
"08/04/2023 03:26:43",36.924,38.131,16.36,0.41,"MW",4.1,"Göksun (Kahramanmaraş)",572661
"07/04/2023 11:29:36",40.358,39.06,7,0.81,"MW",4.5,"Merkez (Bingöl)",572341
"04/04/2023 11:54:53",30.518,37.234,7,0.89,"MW",4.1,"Döşemealtı (Antalya)",571312
"03/04/2023 15:44:14",37.821,38.068,10.58,0.36,"MW",4.2,"Doğanşehir (Malatya)",570951
"03/04/2023 13:52:54",37.823,38.075,11.13,0.43,"MW",4.3,"Doğanşehir (Malatya)",570892
"03/04/2023 06:45:48",36.239,37.89,7,0.5,"MW",4.3,"Saimbeyli (Adana)",570831
"02/04/2023 00:24:39",33.635,41.042,11.83,0.38,"MW",4.2,"İhsangazi (Kastamonu)",570383
"01/04/2023 15:40:53",35.901,36.089,17.92,0.67,"MW",4.2,"Akdeniz - Antakya Körfezi - [04.22 km] Samandağ (Hatay)",570228
"01/04/2023 15:34:39",35.904,36.148,13.34,0.78,"MW",4.1,"Samandağ (Hatay)",570227
"31/03/2023 19:05:20",24.247,37.439,7.99,0.42,"MW",4.7,"Ege Denizi",569859
"31/03/2023 13:56:56",36.568,36.996,14.39,0.44,"MW",4.3,"İslahiye (Gaziantep)",569788
"30/03/2023 22:23:03",25.35,34.866,6.57,0.66,"MW",4.4,"Akdeniz",569530
"30/03/2023 00:44:20",36.61,37.856,7.01,0.14,"MW",4.1,"Onikişubat (Kahramanmaraş)",569162
"29/03/2023 23:08:37",36.884,37.374,7.69,0.3,"MW",4,"Türkoğlu (Kahramanmaraş)",569136
"29/03/2023 20:05:55",36.286,37.936,7.01,0.42,"MW",4,"Göksun (Kahramanmaraş)",569095
"29/03/2023 19:47:02",36.257,37.917,9.38,0.39,"MW",4.5,"Saimbeyli (Adana)",569093
"29/03/2023 16:58:38",38.175,38.188,7.01,0.38,"ML",4,"Yeşilyurt (Malatya)",569056
"27/03/2023 17:35:15",36.519,38.069,8.7,0.69,"MW",4.5,"Göksun (Kahramanmaraş)",568288
"25/03/2023 09:33:38",36.282,37.942,9.44,0.27,"MW",4.2,"Göksun (Kahramanmaraş)",567401
"25/03/2023 07:39:32",37.023,38.059,7,0.53,"MW",4.5,"Ekinözü (Kahramanmaraş)",567365
"24/03/2023 16:10:32",37.588,38.009,15.5,0.23,"MW",4.4,"Nurhak (Kahramanmaraş)",567022
"24/03/2023 06:16:56",44.77,38.37,7,0.85,"MW",5.6,"Khoy, West Azarbaijan (İran) - [29.34 km] Başkale (Van)",566827
"24/03/2023 03:39:53",36.416,38.021,7.34,0.45,"MW",4.7,"Göksun (Kahramanmaraş)",566783
"23/03/2023 13:04:55",36.489,38.016,6.28,0.42,"MW",4.2,"Göksun (Kahramanmaraş)",566507
"23/03/2023 12:23:47",36.466,38.007,7,0.49,"ML",4,"Göksun (Kahramanmaraş)",566495
"23/03/2023 12:19:51",36.459,38.04,12.9,0.73,"MW",5.3,"Göksun (Kahramanmaraş)",566490
"23/03/2023 08:45:21",36.639,37.909,7,0.34,"MW",4.3,"Onikişubat (Kahramanmaraş)",566434
"22/03/2023 22:43:23",38.119,38.184,6.99,0.25,"MW",4.4,"Yeşilyurt (Malatya)",566314
"20/03/2023 23:42:43",37.786,38.105,7,0.72,"MW",4.1,"Doğanşehir (Malatya)",565584
"20/03/2023 18:40:34",36.653,37.299,7,0.32,"MW",4.1,"Türkoğlu (Kahramanmaraş)",565481
"20/03/2023 12:57:07",37.205,38.069,15.36,0.46,"MW",4.3,"Ekinözü (Kahramanmaraş)",565348
"19/03/2023 15:56:45",36.464,38.003,7.35,0.39,"MW",4.1,"Göksun (Kahramanmaraş)",565005
"19/03/2023 15:54:25",36.469,38.006,7,0.33,"MW",4.4,"Göksun (Kahramanmaraş)",565004
"19/03/2023 11:44:19",35.05,35.358,17.03,0.58,"MW",4.1,"Akdeniz",564929
"19/03/2023 10:25:26",37.941,38.182,6.96,0.41,"MW",4,"Doğanşehir (Malatya)",564879
"18/03/2023 12:25:31",36.373,37.789,6.99,0.27,"MW",4.2,"Andırın (Kahramanmaraş)",564538
"18/03/2023 08:14:29",36.454,38.024,7,0.36,"MW",4.6,"Göksun (Kahramanmaraş)",564506
"17/03/2023 16:24:10",36.674,38.155,12.39,0.33,"ML",4,"Göksun (Kahramanmaraş)",564163
"17/03/2023 04:41:12",36.522,38.005,7,0.57,"MW",4.1,"Göksun (Kahramanmaraş)",563931
"16/03/2023 22:59:13",34.289,36.438,16.04,0.64,"MW",4.3,"Akdeniz - Mersin Körfezi - [11.47 km] Erdemli (Mersin)",563872
"16/03/2023 14:47:13",45.21,38.476,15.25,0.63,"MW",5.3,"Khoy, West Azarbaijan (İran) - [69.44 km] Başkale (Van)",563710
"16/03/2023 13:55:06",31.525,40.792,9.12,0.37,"MW",4.8,"Merkez (Bolu)",563693
"15/03/2023 08:49:33",37.494,37.984,7.72,0.34,"MW",4,"Nurhak (Kahramanmaraş)",563139
"14/03/2023 19:35:58",21.818,35.556,4.22,0.61,"MW",5.3,"Akdeniz",562858
"14/03/2023 17:49:47",37.384,37.84,5.34,0.38,"MW",4.9,"Çağlayancerit (Kahramanmaraş)",562825
"14/03/2023 09:47:34",36.976,38.135,7,0.76,"MW",4.7,"Göksun (Kahramanmaraş)",562618
"13/03/2023 05:23:14",36.505,36.828,11.21,0.43,"MW",4.4,"Hassa (Hatay)",562151
"13/03/2023 05:13:51",38.673,38.186,8.08,0.29,"MW",4.5,"Pütürge (Malatya)",562148
"13/03/2023 04:34:29",38.677,38.189,10.14,0.24,"MW",4.7,"Pütürge (Malatya)",562133
"12/03/2023 15:31:21",36.253,37.91,8.17,0.37,"MW",4.4,"Saimbeyli (Adana)",561913
"11/03/2023 22:35:16",35.668,36.976,7,0.67,"MW",4,"Yüreğir (Adana)",561642
"10/03/2023 05:28:13",35.326,38.693,7,0.56,"MW",4.8,"Hacılar (Kayseri)",560749
"10/03/2023 02:34:16",38.486,38.125,7.24,0.29,"MW",4.1,"Sincik (Adıyaman)",560714
"10/03/2023 01:22:05",36.993,41.964,19.26,0.47,"MW",4,"Karadeniz - [69.71 km] Çarşamba (Samsun)",560695
"10/03/2023 00:08:48",36.912,37.141,7,0.4,"MW",4.1,"Nurdağı (Gaziantep)",560680
"09/03/2023 21:55:27",38.442,38.107,9.6,0.22,"MW",4.5,"Sincik (Adıyaman)",560646
"09/03/2023 00:44:04",37.037,37.299,7,0.28,"MW",4,"Pazarcık (Kahramanmaraş)",560367
"07/03/2023 17:18:20",37.407,38.828,7,0.61,"MW",4.2,"Gürün (Sivas)",559840
"07/03/2023 14:53:38",35.263,38.707,8.52,0.69,"MW",4.3,"İncesu (Kayseri)",559759
"07/03/2023 14:48:03",35.32,38.701,7,0.98,"MW",4.4,"Hacılar (Kayseri)",559767
"07/03/2023 14:47:27",35.283,38.699,16.4,0.52,"MW",4.7,"İncesu (Kayseri)",559756
"07/03/2023 12:40:11",36.55,37.711,7.52,0.41,"MW",4.4,"Onikişubat (Kahramanmaraş)",559728
"07/03/2023 01:14:57",36.123,36.123,7.05,0.51,"MW",4.1,"Defne (Hatay)",559409
"06/03/2023 16:03:24",37.283,38.239,13.02,0.42,"MW",4,"Elbistan (Kahramanmaraş)",559162
"06/03/2023 14:02:58",35.953,36.351,7,0.59,"MW",4.1,"Arsuz (Hatay)",559085
"06/03/2023 07:57:33",41.021,38.973,13.29,0.49,"MW",4.2,"Solhan (Bingöl)",558841
"05/03/2023 23:49:46",36.158,36.762,5.39,0.42,"MW",4.5,"Akdeniz - İskenderun Körfezi - [04.35 km] Payas (Hatay)",558712
"05/03/2023 09:25:39",38.174,34.542,5.91,0.55,"MW",4,"Palmyra, Humus (Suriye)",558452
"04/03/2023 23:59:40",40.339,38.528,14.27,0.55,"MW",4.1,"Genç (Bingöl)",558296
"04/03/2023 13:26:24",36.991,37.493,4.63,0.79,"MW",4,"Dulkadiroğlu (Kahramanmaraş)",558110
"04/03/2023 08:27:33",38.244,38.109,7,0.27,"MW",4.4,"Çelikhan (Adıyaman)",558010
"04/03/2023 06:03:41",36.157,36.27,7.23,0.35,"MW",4,"Antakya (Hatay)",557979
"04/03/2023 03:20:09",36.262,38.122,7,0.53,"MW",4.1,"Tufanbeyli (Adana)",557931
"03/03/2023 05:53:42",36.602,37.847,7.06,0.34,"MW",5,"Onikişubat (Kahramanmaraş)",557391
"01/03/2023 19:38:00",37.025,37.304,7.6,0.31,"ML",4.3,"Türkoğlu (Kahramanmaraş)",556555
"01/03/2023 13:52:36",43.858,41.304,4.31,0.92,"MW",4.1,"Ninotsminda, Samtskhe-Javakheti (Gürcistan) - [42.85 km] Akyaka (Kars)",556451
"01/03/2023 10:20:22",36.073,36.318,11.06,0.37,"MW",4.4,"Antakya (Hatay)",556383
"01/03/2023 07:15:30",37.856,37.833,7,0.36,"MW",4.2,"Tut (Adıyaman)",556292
"01/03/2023 05:23:21",37.044,38.017,7,0.45,"MW",4.4,"Ekinözü (Kahramanmaraş)",556241
"01/03/2023 02:32:10",37.037,37.311,9.32,0.23,"MW",4,"Türkoğlu (Kahramanmaraş)",556161
"28/02/2023 19:59:09",35.301,38.749,7,0.66,"MW",4,"İncesu (Kayseri)",555976
"28/02/2023 18:16:38",35.29,38.747,7,0.66,"MW",4.4,"İncesu (Kayseri)",555930
"28/02/2023 17:49:15",36.647,37.842,13.61,0.34,"MW",4.1,"Onikişubat (Kahramanmaraş)",555926
"28/02/2023 17:39:53",36.628,37.837,9.88,0.5,"MW",4.5,"Onikişubat (Kahramanmaraş)",555921
"28/02/2023 15:42:15",36.252,37.385,12.93,0.63,"MW",4.1,"Kadirli (Osmaniye)",555833
"28/02/2023 09:38:14",37.766,38.108,7,0.4,"MW",4.1,"Doğanşehir (Malatya)",555623
"28/02/2023 05:18:58",38.268,38.281,7,0.35,"MW",4.1,"Yeşilyurt (Malatya)",555547
"27/02/2023 22:12:00",36.633,37.877,7,0.23,"MW",4,"Onikişubat (Kahramanmaraş)",555434
"27/02/2023 21:22:21",26.701,38.638,14.5,0.25,"MW",4.1,"Ege Denizi - İzmir Körfezi - [04.87 km] Foça (İzmir)",555413
"27/02/2023 19:16:45",37.576,37.934,7.34,0.32,"MW",4.1,"Gölbaşı (Adıyaman)",555380
"27/02/2023 12:04:49",38.303,38.272,6.15,0.49,"MW",5.6,"Yeşilyurt (Malatya)",555149
"27/02/2023 09:19:47",36.9997,38.0164,7,0.3,"MW",4.3,"Ekinözü (Kahramanmaraş)",555043
"27/02/2023 05:51:20",37.584,37.932,8.51,0.54,"MW",5,"Gölbaşı (Adıyaman)",554982
"26/02/2023 07:37:39",37.074,38.074,7,0.68,"MW",4,"Kandil Barajı - [01.78 km] Ekinözü (Kahramanmaraş)",554573
"26/02/2023 05:26:29",35.926,36.076,13.29,0.39,"MW",4.5,"Akdeniz - Antakya Körfezi - [03.25 km] Samandağ (Hatay)",554500
"25/02/2023 15:41:12",37.046,38.061,5.32,0.43,"MW",4.7,"Ekinözü (Kahramanmaraş)",554182
"25/02/2023 13:27:09",33.993,37.987,2.28,0.71,"MW",5.3,"Ereğli (Konya)",554155
"25/02/2023 11:58:39",37.491,38.386,7,0.68,"MW",4.2,"Darende (Malatya)",554140
"25/02/2023 04:12:20",35.922,36.138,16.05,0.55,"MW",4,"Samandağ (Hatay)",553933
"25/02/2023 03:28:09",41.024,39.001,12.5,0.44,"MW",4.4,"Solhan (Bingöl)",553921
"25/02/2023 02:25:28",43.474,36.276,16.15,0.59,"MW",4.3,"Al Hamdaniyah, Ninova (Irak) - [107.76 km] Şemdinli (Hakkari)",553885
"24/02/2023 23:25:29",38.696,38.201,7,0.42,"MW",4.7,"Pütürge (Malatya)",553806
"24/02/2023 23:10:46",35.122,35.547,21.67,0.78,"MW",4,"Akdeniz",553802
"24/02/2023 20:19:58",37.399,38.839,7,0.47,"MW",4.7,"Gürün (Sivas)",553715
"24/02/2023 17:01:58",33.9844,37.9722,7,0.79,"MW",4.4,"Ereğli (Konya)",553624
"24/02/2023 08:46:17",35.97,36.326,7.29,0.48,"MW",4,"Arsuz (Hatay)",553318
"23/02/2023 20:52:39",36.501,38.091,7,0.53,"MW",4.1,"Göksun (Kahramanmaraş)",553126
"23/02/2023 18:53:47",36.053,36.136,8.75,0.46,"MW",5,"Samandağ (Hatay)",553084
"23/02/2023 14:41:42",37.764,38.074,6.97,0.48,"MW",4.4,"Doğanşehir (Malatya)",552941
"23/02/2023 06:23:03",37.105,37.335,10.49,0.3,"MW",4.1,"Pazarcık (Kahramanmaraş)",552656
"23/02/2023 04:42:57",36.168,36.23,10.35,0.67,"MW",4.3,"Antakya (Hatay)",552621
"22/02/2023 23:36:06",38.404,38.126,7,0.42,"MW",4.1,"Yeşilyurt (Malatya)",552538
"22/02/2023 10:56:53",37.868,38.141,16.57,0.42,"ML",4.3,"Doğanşehir (Malatya)",552225
"22/02/2023 10:09:42",40.284,38.505,9.68,0.55,"MW",4.4,"Genç (Bingöl)",552166
"22/02/2023 09:01:21",34.696,33.851,7.2,0.59,"MW",4.2,"Akdeniz",552126
"22/02/2023 08:50:50",37.283,38.228,7,0.56,"MW",4.1,"Elbistan (Kahramanmaraş)",552123
"22/02/2023 07:40:01",36.632,38.084,7,0.38,"MW",4.1,"Göksun (Kahramanmaraş)",552073
"22/02/2023 06:04:44",40.136,38.431,11.52,0.33,"MW",4,"Dicle (Diyarbakır)",552018
"22/02/2023 04:26:06",34.967,35.567,7,0.89,"MW",4.1,"Akdeniz",551978
"21/02/2023 19:06:48",36.074,36.146,7,0.35,"MW",4.2,"Samandağ (Hatay)",551654
"21/02/2023 14:55:54",37.351,38.061,7,0.7,"MW",4,"Nurhak (Kahramanmaraş)",551505
"21/02/2023 12:56:45",38.608,38.195,11.59,0.36,"MW",4.1,"Battalgazi (Malatya)",551462
"21/02/2023 11:11:50",35.852,36.127,16.39,0.43,"ML",4,"Akdeniz - [07.41 km] Samandağ (Hatay)",551376
"21/02/2023 02:21:13",37.386,38.033,7.67,0.37,"MW",4.4,"Nurhak (Kahramanmaraş)",551165
"21/02/2023 01:56:56",35.954,36.134,7,0.23,"MW",4.2,"Samandağ (Hatay)",551159
"20/02/2023 22:09:20",36.052,36.267,10.65,0.29,"MW",4.1,"Antakya (Hatay)",551099
"20/02/2023 22:00:14",36.043,36.171,7,0.38,"MW",4.2,"Samandağ (Hatay)",551094
"20/02/2023 20:38:45",35.956,36.204,7,0.19,"ML",4.1,"Samandağ (Hatay)",551077
"20/02/2023 20:19:10",35.363,35.97,8.1,0.6,"ML",4.1,"Akdeniz - [52.32 km] Yayladağı (Hatay)",568201
"20/02/2023 20:14:18",35.992,36.254,7.07,0.35,"ML",4,"Samandağ (Hatay)",551070
"20/02/2023 20:07:34",35.978,36.186,6.64,0.92,"MW",5.8,"Samandağ (Hatay)",551068
"20/02/2023 20:05:45",36.243,36.076,6.63,0.63,"MW",4.9,"Altınözü (Hatay)",568255
"20/02/2023 20:04:27",36.021,36.037,21.73,0.94,"MW",6.4,"Yayladağı (Hatay)",551067
"20/02/2023 06:45:37",40.001,38.682,7.01,0.5,"MW",4.5,"Palu (Elazığ)",550572
"20/02/2023 05:29:34",39.989,38.718,7.04,0.68,"MW",4.4,"Palu (Elazığ)",550547
"20/02/2023 04:48:59",36.812,38.086,6.99,0.46,"MW",4.5,"Göksun (Kahramanmaraş)",550536
"20/02/2023 04:07:37",39.963,38.692,14.56,0.34,"MW",4.6,"Palu (Elazığ)",550517
"20/02/2023 03:39:01",39.962,38.702,13.26,0.75,"MW",4.8,"Palu (Elazığ)",550512
"20/02/2023 03:37:29",39.989,38.706,11.85,0.47,"MW",4.7,"Palu (Elazığ)",550510
"20/02/2023 02:57:26",38.747,38.255,8.63,0.26,"MW",4.3,"Pütürge (Malatya)",550495
"20/02/2023 00:30:30",36.872,37.393,9.82,0.42,"MW",4.2,"Türkoğlu (Kahramanmaraş)",550438
"19/02/2023 15:04:32",38.233,38.277,7,0.4,"MW",4.7,"Yeşilyurt (Malatya)",550239
"19/02/2023 09:55:38",37.167,37.521,10.39,0.28,"MW",4,"Dulkadiroğlu (Kahramanmaraş)",550153
"19/02/2023 08:46:34",37.19,37.474,11.99,0.38,"MW",4,"Dulkadiroğlu (Kahramanmaraş)",550128
"19/02/2023 07:07:40",36.835,37.236,4.98,0.29,"MW",4.5,"Nurdağı (Gaziantep)",550087
"19/02/2023 06:59:11",36.825,37.25,10.07,0.4,"MW",4.3,"Türkoğlu (Kahramanmaraş)",550085
"19/02/2023 03:56:10",36.224,38.091,12.5,0.61,"MW",4.4,"Saimbeyli (Adana)",550046
"18/02/2023 23:56:06",36.497,36.854,13.07,0.5,"MW",4.1,"Hassa (Hatay)",549972
"18/02/2023 22:31:31",36.602,38.08,6.2,0.29,"MW",5.1,"Göksun (Kahramanmaraş)",549953
"18/02/2023 20:32:58",25.359,35.893,7.96,0.89,"MW",4.7,"Ege Denizi",549925
"18/02/2023 19:14:39",38.171,38.075,7,0.59,"MW",4.3,"Çelikhan (Adıyaman)",549894
"18/02/2023 08:26:04",37.17,38.076,15.04,0.23,"ML",4.1,"Ekinözü (Kahramanmaraş)",549652
"17/02/2023 22:10:37",38.223,38.242,7,0.39,"ML",4,"Yeşilyurt (Malatya)",549498
"17/02/2023 21:28:25",37.274,37.595,12.75,0.4,"MW",4,"Pazarcık (Kahramanmaraş)",549483
"17/02/2023 19:33:57",36.324,37.876,7,0.44,"ML",4,"Göksun (Kahramanmaraş)",549446
"17/02/2023 18:34:37",39.665,38.627,7,0.28,"MW",4.6,"Merkez (Elazığ)",549422
"17/02/2023 17:58:55",36.322,37.94,10.11,0.59,"MW",4.5,"Göksun (Kahramanmaraş)",549413
"17/02/2023 09:06:09",38.192,38.257,7,0.69,"MW",4.1,"Yeşilyurt (Malatya)",548980
"17/02/2023 03:49:18",37.216,37.522,6.6,0.27,"MW",4,"Pazarcık (Kahramanmaraş)",548847
"17/02/2023 03:35:56",40.172,39.154,11.58,0.6,"MW",4.8,"Karakoçan (Elazığ)",548845
"17/02/2023 03:11:38",38.131,38.875,12.34,0.37,"MW",4,"Hekimhan (Malatya)",548840
"17/02/2023 02:53:23",37.973,37.932,10.02,0.51,"MW",4,"Doğanşehir (Malatya)",548835
"16/02/2023 22:47:50",35.752,36.253,9.26,0.46,"MW",5.1,"Akdeniz - [05.64 km] Arsuz (Hatay)",548760
"16/02/2023 19:38:31",37.509,37.985,11.9,0.52,"MW",4,"Nurhak (Kahramanmaraş)",548683
"16/02/2023 17:45:41",37.847,38.183,7,0.54,"MW",4.7,"Doğanşehir (Malatya)",548649
"16/02/2023 14:16:23",35.858,35.883,10.31,0.37,"MW",4.7,"Akdeniz",548498
"16/02/2023 11:21:51",36.455,37.882,7,0.73,"MW",4,"Göksun (Kahramanmaraş)",548407
"16/02/2023 08:18:55",38.576,38.151,7.03,0.24,"MW",4.4,"Battalgazi (Malatya)",548273
"16/02/2023 01:25:57",36.633,38.056,10,0.48,"MW",4.5,"Göksun (Kahramanmaraş)",548156
"15/02/2023 21:49:03",37.86,37.789,14.31,0.43,"MW",4,"Tut (Adıyaman)",548102
"15/02/2023 18:12:12",35.388,40.589,11.95,0.27,"MW",4,"Mecitözü (Çorum)",548037
"15/02/2023 15:22:51",38.109,38.221,7.89,0.41,"ML",4,"Yeşilyurt (Malatya)",547926
"15/02/2023 13:14:20",36.446,38.032,11.42,0.43,"ML",4,"Göksun (Kahramanmaraş)",547835
"15/02/2023 10:36:28",36.424,38.028,15.8,0.95,"ML",4.7,"Göksun (Kahramanmaraş)",547735
"15/02/2023 09:25:29",36.661,38.087,12.3,0.62,"ML",4.6,"Göksun (Kahramanmaraş)",547698
"15/02/2023 03:06:03",36.507,36.839,6.51,0.32,"MW",4.2,"Hassa (Hatay)",547582
"15/02/2023 02:14:01",37.423,38.616,12.48,0.77,"MW",4.6,"Darende (Malatya)",547560
"14/02/2023 18:50:37",37.135,38.036,7.01,0.27,"MW",4.1,"Ekinözü (Kahramanmaraş)",547401
"14/02/2023 16:13:04",37.965,37.941,12,0.38,"ML",4.1,"Doğanşehir (Malatya)",547334
"14/02/2023 14:54:11",36.051,36.091,7,0.81,"ML",4.1,"Samandağ (Hatay)",547269
"14/02/2023 14:07:45",36.368,37.967,7.1,0.49,"ML",4.1,"Göksun (Kahramanmaraş)",547259
"13/02/2023 22:20:26",36.392,38.033,10.52,0.54,"MW",4.8,"Göksun (Kahramanmaraş)",546757
"13/02/2023 18:21:21",38.701,38.203,13.69,0.24,"MW",4.2,"Pütürge (Malatya)",546661
"13/02/2023 18:15:03",36.289,37.86,8.56,0.38,"MW",4.2,"Göksun (Kahramanmaraş)",546657
"13/02/2023 17:28:15",38.586,38.146,7.35,0.6,"ML",4.5,"Battalgazi (Malatya)",546648
"13/02/2023 14:59:17",36.575,36.919,6.96,0.51,"MW",4.6,"İslahiye (Gaziantep)",546610
"13/02/2023 01:52:59",36.617,38.046,7,0.36,"MW",4.6,"Göksun (Kahramanmaraş)",546377
"12/02/2023 22:02:29",37.041,37.319,9.23,0.42,"MW",4.1,"Pazarcık (Kahramanmaraş)",546320
"12/02/2023 21:33:14",36.941,37.392,8.14,0.25,"MW",4.6,"Türkoğlu (Kahramanmaraş)",546310
"12/02/2023 20:28:16",36.657,38.094,7,0.42,"MW",4,"Göksun (Kahramanmaraş)",546290
"12/02/2023 19:29:48",38.097,38.873,7,0.65,"MW",4.9,"Hekimhan (Malatya)",546268
"12/02/2023 18:46:30",38.019,38.185,26.3,0.58,"MW",4.1,"Yeşilyurt (Malatya)",546264
"12/02/2023 17:30:03",36.579,37.844,14.41,0.79,"MW",4.2,"Onikişubat (Kahramanmaraş)",546248
"12/02/2023 16:29:12",38.301,38.07,7.18,0.77,"MW",4.4,"Çelikhan (Adıyaman)",546220
"12/02/2023 15:30:39",38.197,37.988,7.02,0.81,"MW",4,"Merkez (Adıyaman)",546200
"12/02/2023 15:25:24",36.709,36.952,10.46,0.55,"MW",4,"İslahiye (Gaziantep)",546199
"12/02/2023 13:00:23",38.199,38.241,7.76,0.5,"MW",4,"Yeşilyurt (Malatya)",546154
"12/02/2023 11:07:02",42.228,41.693,7.52,0.53,"MW",4.5,"Shuakhevi, Acara (Gürcistan) - [26.93 km] Şavşat (Artvin)",546101
"12/02/2023 07:52:57",37.454,37.988,11.47,0.25,"MW",4.2,"Nurhak (Kahramanmaraş)",546049
"12/02/2023 07:29:13",38.252,37.977,7,0.65,"MW",4.1,"Merkez (Adıyaman)",546046
"12/02/2023 07:22:33",37.713,38.028,7,0.69,"MW",4,"Doğanşehir (Malatya)",546044
"12/02/2023 06:53:29",38.476,38.101,8.17,0.21,"MW",4.1,"Sincik (Adıyaman)",546034
"12/02/2023 05:27:15",36.041,36.237,15.28,0.36,"MW",4,"Antakya (Hatay)",546006
"12/02/2023 02:30:55",36.474,38.066,5.6,0.5,"MW",4.2,"Göksun (Kahramanmaraş)",545964
"12/02/2023 01:29:14",36.451,36.68,5.13,0.29,"MW",4.6,"Hassa (Hatay)",545945
"11/02/2023 23:39:03",37.882,37.868,12.75,0.25,"MW",4.3,"Tut (Adıyaman)",545914
"11/02/2023 20:50:15",38.719,38.208,10.76,0.4,"MW",4.4,"Pütürge (Malatya)",545866
"11/02/2023 20:20:00",36.059,36.257,7,0.22,"MW",4.3,"Antakya (Hatay)",545857
"11/02/2023 18:33:41",42.135,41.799,4.96,0.53,"MW",4.5,"Kobuleti, Acara (Gürcistan) - [37.57 km] Borçka (Artvin)",545828
"11/02/2023 17:38:02",36.448,38.014,7.01,0.4,"MW",4.4,"Göksun (Kahramanmaraş)",545813
"11/02/2023 17:11:25",36.361,37.989,7.02,0.37,"MW",4.1,"Göksun (Kahramanmaraş)",545803
"11/02/2023 16:58:18",36.521,38.018,5.97,0.63,"ML",4,"Göksun (Kahramanmaraş)",545805
"11/02/2023 16:09:58",38.081,38.861,7,0.65,"MW",4.6,"Hekimhan (Malatya)",545789
"11/02/2023 15:54:58",36.609,38.082,6.96,0.31,"ML",4.3,"Göksun (Kahramanmaraş)",545786
"11/02/2023 14:51:41",36.24,36.514,7,0.63,"MW",4.2,"İskenderun (Hatay)",545765
"11/02/2023 14:05:16",36.677,38.159,6.96,0.24,"MW",4.2,"Göksun (Kahramanmaraş)",545749
"11/02/2023 12:03:34",38.219,38.103,12.44,0.44,"MW",4.2,"Çelikhan (Adıyaman)",545704
"11/02/2023 10:55:42",36.955,37.176,7.01,0.24,"MW",4.5,"Nurdağı (Gaziantep)",545677
"11/02/2023 09:28:12",36.62,38.086,6.98,0.38,"MW",4.2,"Göksun (Kahramanmaraş)",545637
"11/02/2023 09:06:22",38.185,37.991,7.51,0.32,"MW",4.1,"Çelikhan (Adıyaman)",545627
"11/02/2023 07:47:03",36.56,37.811,7,0.4,"MW",4.2,"Onikişubat (Kahramanmaraş)",545602
"11/02/2023 06:38:24",38.439,38.006,7,0.33,"MW",4.1,"Sincik (Adıyaman)",545580
"11/02/2023 06:11:10",37.322,37.593,9.93,0.4,"MW",4,"Pazarcık (Kahramanmaraş)",545566
"11/02/2023 03:24:41",36.424,36.639,9.72,0.53,"MW",4.2,"Kırıkhan (Hatay)",545533
"11/02/2023 00:20:38",39.705,38.566,12.27,0.34,"MW",4,"Merkez (Elazığ)",545459
"10/02/2023 21:26:18",36.771,38.091,7,0.52,"MW",4,"Afşin (Kahramanmaraş)",545395
"10/02/2023 20:31:24",38.58,38.192,12.49,0.25,"MW",4.2,"Battalgazi (Malatya)",545376
"10/02/2023 20:00:50",36.236,37.919,7.07,0.37,"MW",4.8,"Saimbeyli (Adana)",545364
"10/02/2023 18:29:21",37.959,37.948,7.01,0.51,"ML",4,"Doğanşehir (Malatya)",549292
"10/02/2023 14:29:28",37.077,37.504,7.22,0.3,"ML",4,"Dulkadiroğlu (Kahramanmaraş)",545250
"10/02/2023 13:01:21",38.183,38.256,7.03,0.4,"ML",4.2,"Yeşilyurt (Malatya)",545225
"10/02/2023 12:02:49",38.237,38.07,10.19,0.44,"ML",4,"Çelikhan (Adıyaman)",545213
"10/02/2023 11:17:29",35.194,35.253,9.46,0.5,"MW",4.2,"Akdeniz",548349
"10/02/2023 10:04:42",36.84,37.389,10.75,0.28,"MW",4,"Türkoğlu (Kahramanmaraş)",545165
"10/02/2023 09:36:45",37.444,37.976,11.64,0.23,"MW",4.1,"Nurhak (Kahramanmaraş)",545150
"10/02/2023 07:53:50",38.49,38.159,7,0.43,"ML",4.1,"Battalgazi (Malatya)",545129
"10/02/2023 07:50:23",38.141,38.235,10.45,0.35,"MW",5,"Yeşilyurt (Malatya)",545126
"10/02/2023 05:03:40",38.239,38.225,7.02,0.43,"ML",4.5,"Yeşilyurt (Malatya)",545095
"10/02/2023 04:50:59",36.606,37.877,7,0.4,"MW",4.6,"Onikişubat (Kahramanmaraş)",545089
"10/02/2023 01:06:39",36.657,37.136,7,0.52,"ML",4.1,"İslahiye (Gaziantep)",545036
"10/02/2023 00:46:30",36.84,37.254,8.98,0.39,"ML",4.3,"Nurdağı (Gaziantep)",545030
"09/02/2023 21:49:36",35.787,36.172,15.49,0.42,"ML",4,"Akdeniz - [13.56 km] Arsuz (Hatay)",544980
"09/02/2023 20:51:49",36.557,38.07,7.06,0.69,"ML",4.1,"Göksun (Kahramanmaraş)",544961
"09/02/2023 16:27:51",37.8336,38.16,7,0.77,"ML",4.1,"Doğanşehir (Malatya)",544880
"09/02/2023 14:48:29",37.726,38.053,7.06,0.46,"MW",4,"Doğanşehir (Malatya)",544850
"09/02/2023 13:42:24",36.859,37.256,5.21,0.37,"MW",4.2,"Nurdağı (Gaziantep)",544837
"09/02/2023 12:46:53",38.622,38.147,7,0.2,"MW",4.5,"Pütürge (Malatya)",544817
"09/02/2023 10:42:07",36.567,38.002,7.92,0.47,"ML",4.1,"Göksun (Kahramanmaraş)",544778
"09/02/2023 10:18:17",36.646,37.071,10.95,0.26,"MW",4.9,"İslahiye (Gaziantep)",544770
"09/02/2023 09:49:48",37.619,37.981,7.51,0.33,"ML",4.2,"Doğanşehir (Malatya)",544769
"09/02/2023 09:45:11",37.601,38.008,7,0.31,"ML",4.2,"Doğanşehir (Malatya)",544766
"09/02/2023 09:37:04",37.607,38.086,6.99,0.65,"MW",4,"Elbistan (Kahramanmaraş)",544753
"09/02/2023 08:37:31",38.233,38.29,7,0.46,"MW",4.1,"Yeşilyurt (Malatya)",544740
"09/02/2023 08:24:25",36.634,38.085,7.01,0.65,"MW",4.2,"Göksun (Kahramanmaraş)",544733
"09/02/2023 08:02:55",36.425,38.009,6.71,0.79,"MW",4,"Göksun (Kahramanmaraş)",544728
"09/02/2023 07:34:43",38.505,38.113,7.99,0.43,"MW",4.1,"Sincik (Adıyaman)",544718
"09/02/2023 07:18:20",36.354,37.966,7,0.5,"MW",4.2,"Göksun (Kahramanmaraş)",544714
"09/02/2023 06:26:03",38.685,38.19,7.05,0.33,"MW",4.1,"Pütürge (Malatya)",544698
"09/02/2023 04:44:18",37.672,37.937,7.74,0.32,"MW",4.5,"Doğanşehir (Malatya)",544679
"09/02/2023 04:38:13",40.353,38.552,7.04,0.59,"MW",4.4,"Genç (Bingöl)",544678
"09/02/2023 03:32:14",39.282,38.455,0.21,0.44,"MW",4.1,"Sivrice (Elazığ)",544661
"09/02/2023 01:36:48",38.209,38.314,13.78,0.64,"ML",4.1,"Yeşilyurt (Malatya)",544627
"08/02/2023 23:12:04",38.164,38.291,7,0.69,"MW",4,"Yeşilyurt (Malatya)",544596
"08/02/2023 22:48:11",36.092,36.318,10.11,0.61,"MW",4.1,"Antakya (Hatay)",544583
"08/02/2023 22:05:18",36.526,38.008,7.06,0.63,"MW",4,"Göksun (Kahramanmaraş)",544571
"08/02/2023 21:58:53",36.262,34.09,5.24,0.79,"MW",4.3,"Baalbek, Beqaa (Lübnan) - [196.42 km] Yayladağı (Hatay)",544582
"08/02/2023 20:57:20",40.62,39.75,7,0.29,"MW",4.6,"Aşkale (Erzurum)",544554
"08/02/2023 19:55:39",37.207,38.089,17.56,0.6,"MW",4.2,"Ekinözü (Kahramanmaraş)",544546
"08/02/2023 18:49:57",36.607,37.852,8.55,0.72,"MW",4.2,"Onikişubat (Kahramanmaraş)",544528
"08/02/2023 18:04:41",36.982,38.061,7,0.35,"MW",4.2,"Göksun (Kahramanmaraş)",544513
"08/02/2023 17:55:49",38.534,38.162,7,0.68,"ML",4.3,"Battalgazi (Malatya)",544515
"08/02/2023 17:42:21",36.576,38.051,12.57,0.38,"ML",4.2,"Göksun (Kahramanmaraş)",544510
"08/02/2023 17:20:25",37.391,37.985,16.69,0.2,"ML",5,"Nurhak (Kahramanmaraş)",544506
"08/02/2023 17:04:54",38.217,38.112,12.85,0.59,"ML",4,"Çelikhan (Adıyaman)",544517
"08/02/2023 16:31:28",36.672,38.065,7,0.38,"ML",4,"Göksun (Kahramanmaraş)",544498
"08/02/2023 15:11:54",37.373,38.856,7,0.78,"ML",4.1,"Gürün (Sivas)",544475
"08/02/2023 14:23:59",37.638,37.99,9.74,0.27,"ML",4.8,"Doğanşehir (Malatya)",544462
"08/02/2023 14:11:51",37.641,38.012,13.18,0.35,"ML",5.3,"Doğanşehir (Malatya)",544459
"08/02/2023 14:00:18",37.871,38.177,12.22,0.74,"ML",4.3,"Doğanşehir (Malatya)",544457
"08/02/2023 13:26:23",36.953,37.186,5.19,0.27,"ML",4.5,"Nurdağı (Gaziantep)",544445
"08/02/2023 12:52:11",36.407,37.981,13.21,0.29,"MW",4.2,"Göksun (Kahramanmaraş)",544439
"08/02/2023 12:13:06",36.392,36.697,15.65,0.5,"ML",4,"Hassa (Hatay)",544429
"08/02/2023 11:45:33",37.809,38.069,6.92,0.44,"ML",4.2,"Doğanşehir (Malatya)",549233
"08/02/2023 10:48:31",36.467,38.021,9.06,0.3,"MW",5.1,"Göksun (Kahramanmaraş)",544398
"08/02/2023 10:23:44",36.161,36.346,17.07,0.65,"ML",4,"Antakya (Hatay)",544392
"08/02/2023 10:20:41",36.446,36.668,8.24,0.37,"ML",4,"Hassa (Hatay)",544391
"08/02/2023 10:19:06",37.296,37.597,14.41,0.18,"MW",4,"Pazarcık (Kahramanmaraş)",544389
"08/02/2023 09:08:59",35.9883,36.2269,7,0.34,"ML",4.6,"Samandağ (Hatay)",547905
"08/02/2023 09:08:33",38.347,38.09,6.99,0.45,"MW",4.3,"Çelikhan (Adıyaman)",544370
"08/02/2023 08:52:35",36.717,38.067,7.01,0.43,"ML",4.5,"Göksun (Kahramanmaraş)",544367
"08/02/2023 06:47:08",38.554,38.122,6.54,0.87,"MW",4,"Sincik (Adıyaman)",544339
"08/02/2023 06:43:03",37.678,37.982,7,0.33,"MW",4,"Doğanşehir (Malatya)",544338
"08/02/2023 06:39:41",37.186,37.543,7.34,0.34,"MW",4,"Dulkadiroğlu (Kahramanmaraş)",544336
"08/02/2023 06:20:26",36.553,38.04,10.78,0.46,"MW",4,"Göksun (Kahramanmaraş)",544331
"08/02/2023 06:01:02",36.653,37.167,7,0.46,"MW",4.1,"Bahçe (Osmaniye)",544324
"08/02/2023 05:25:12",38.04,37.935,9.08,0.33,"MW",4.3,"Doğanşehir (Malatya)",544310
"08/02/2023 03:22:40",35.336,35.519,6.94,0.88,"MW",4,"Akdeniz",544275
"08/02/2023 02:40:00",37.541,38.023,7,0.31,"MW",4.1,"Nurhak (Kahramanmaraş)",544266
"08/02/2023 02:13:03",35.888,36.078,14.3,0.88,"MW",4.4,"Akdeniz - [05.99 km] Samandağ (Hatay)",544254
"08/02/2023 02:08:01",36.618,38.162,9.95,0.55,"ML",4,"Göksun (Kahramanmaraş)",549266
"08/02/2023 01:32:49",36.435,38.008,17.94,0.77,"MW",4,"Göksun (Kahramanmaraş)",544245
"08/02/2023 01:07:54",36.521,38.042,11.73,0.85,"MW",4,"Göksun (Kahramanmaraş)",544235
"08/02/2023 00:21:25",37.471,37.952,15.84,0.39,"MW",5,"Nurhak (Kahramanmaraş)",544222
"08/02/2023 00:04:51",37.227,37.543,7.37,0.35,"MW",4,"Pazarcık (Kahramanmaraş)",544218
"08/02/2023 00:00:37",36.633,37.814,7.52,0.34,"MW",4.2,"Onikişubat (Kahramanmaraş)",544215
"07/02/2023 23:30:26",36.638,38.069,9.61,0.51,"MW",4.1,"Göksun (Kahramanmaraş)",544203
"07/02/2023 22:54:22",39.877,38.686,17.25,0.4,"MW",4.7,"Palu (Elazığ)",544193
"07/02/2023 22:13:47",36.922,38.074,8.6,0.77,"MW",4.3,"Göksun (Kahramanmaraş)",544183
"07/02/2023 22:08:24",42.831,38.006,12,0.44,"MW",4.2,"Bahçesaray (Van)",544181
"07/02/2023 21:09:58",36.62,38.085,10.22,0.83,"MW",5,"Göksun (Kahramanmaraş)",544160
"07/02/2023 20:53:51",36.432,37.948,7.83,0.56,"MW",4.2,"Göksun (Kahramanmaraş)",544156
"07/02/2023 20:46:56",36.858,38.084,7,0.76,"MW",4,"Göksun (Kahramanmaraş)",544154
"07/02/2023 20:37:58",37.691,38.036,7,0.39,"MW",4,"Doğanşehir (Malatya)",544152
"07/02/2023 19:49:12",36.574,38.04,6.03,0.31,"MW",4.1,"Göksun (Kahramanmaraş)",544138
"07/02/2023 19:30:40",37.362,38.188,7.47,0.43,"MW",4.3,"Elbistan (Kahramanmaraş)",544132
"07/02/2023 19:22:15",37.239,38.087,7,0.64,"MW",4,"Elbistan (Kahramanmaraş)",544130
"07/02/2023 18:59:48",37.392,38.007,7.02,0.24,"ML",4.1,"Nurhak (Kahramanmaraş)",544124
"07/02/2023 18:50:20",36.408,37.968,7.01,0.89,"MW",4.7,"Göksun (Kahramanmaraş)",544123
"07/02/2023 18:48:52",36.434,37.959,11.48,0.56,"MW",5.2,"Göksun (Kahramanmaraş)",544122
"07/02/2023 18:48:38",36.694,37.108,7.02,0.31,"ML",4.2,"İslahiye (Gaziantep)",547829
"07/02/2023 18:31:28",37.041,37.34,13.84,0.46,"MW",4.9,"Türkoğlu (Kahramanmaraş)",544119
"07/02/2023 18:23:49",40.372,38.535,7.04,0.44,"MW",4,"Hani (Diyarbakır)",544117
"07/02/2023 17:23:16",36.568,38.043,5.05,0.74,"MW",4.2,"Göksun (Kahramanmaraş)",544096
"07/02/2023 16:56:02",36.384,36.289,7.04,0.42,"ML",4,"Reyhanlı (Hatay)",544090
"07/02/2023 16:36:42",35.904,36.193,12.24,0.39,"ML",4.3,"Samandağ (Hatay)",548574
"07/02/2023 16:34:09",36.551,38.109,23,0.87,"ML",4.1,"Göksun (Kahramanmaraş)",544084
"07/02/2023 15:07:02",38.218,38.284,13.12,0.77,"MW",4.5,"Yeşilyurt (Malatya)",544063
"07/02/2023 14:01:12",37.526,38.011,6.31,0.38,"ML",4,"Nurhak (Kahramanmaraş)",544045
"07/02/2023 13:57:45",36.694,37.802,6.96,0.6,"ML",4.1,"Onikişubat (Kahramanmaraş)",544044
"07/02/2023 13:56:29",36.67,37.858,7,0.4,"ML",4.4,"Onikişubat (Kahramanmaraş)",544043
"07/02/2023 13:41:44",36.546,38.081,7,0.47,"MW",4.1,"Göksun (Kahramanmaraş)",544038
"07/02/2023 13:37:20",36.122,36.095,6.44,0.59,"ML",4.1,"Defne (Hatay)",544037
"07/02/2023 13:27:29",38.266,38.342,8.13,0.5,"ML",4.9,"Yeşilyurt (Malatya)",544036
"07/02/2023 13:18:11",38.561,38.125,6.85,0.37,"ML",5.1,"Sincik (Adıyaman)",544029
"07/02/2023 13:07:17",37.194,37.494,7,0.34,"ML",4.1,"Dulkadiroğlu (Kahramanmaraş)",544028
"07/02/2023 11:32:06",37.709,38.088,8.63,0.38,"ML",4.2,"Doğanşehir (Malatya)",544009
"07/02/2023 11:31:31",38.626,38.188,7.01,0.13,"ML",4,"Pütürge (Malatya)",548495
"07/02/2023 11:25:45",37.546,37.989,15,0.51,"ML",4.5,"Nurhak (Kahramanmaraş)",544007
"07/02/2023 10:54:21",36.393,36.546,6.91,0.39,"ML",4.2,"Kırıkhan (Hatay)",544002
"07/02/2023 10:26:34",37.754,38.142,5.01,0.43,"ML",4.3,"Doğanşehir (Malatya)",543994
"07/02/2023 10:11:13",38.632,38.159,8.18,0.37,"MW",5.3,"Pütürge (Malatya)",543992
"07/02/2023 09:48:50",37.724,38.31,9.89,0.66,"MW",4.6,"Akçadağ (Malatya)",543987
"07/02/2023 09:40:52",36.504,38.019,5.06,0.47,"MW",4.6,"Göksun (Kahramanmaraş)",543988
"07/02/2023 09:26:11",36.92,37.332,7.41,0.23,"MW",4,"Türkoğlu (Kahramanmaraş)",543985
"07/02/2023 09:15:19",38.234,38.222,5.57,0.47,"MW",4.2,"Yeşilyurt (Malatya)",543982
"07/02/2023 09:13:52",37.603,37.972,16.67,0.49,"MW",4.1,"Doğanşehir (Malatya)",543981
"07/02/2023 08:26:31",36.178,36.359,4.93,0.31,"MW",4.5,"Antakya (Hatay)",543965
"07/02/2023 07:42:03",36.538,36.852,8.75,0.35,"MW",4.4,"Hassa (Hatay)",543947
"07/02/2023 07:35:16",37.566,38.049,6.81,0.14,"MW",4,"Nurhak (Kahramanmaraş)",543952
"07/02/2023 07:16:39",37.62,37.983,4.13,0.36,"MW",4.2,"Doğanşehir (Malatya)",543943
"07/02/2023 06:58:54",37.289,37.575,10,0.32,"MW",4.3,"Pazarcık (Kahramanmaraş)",543935
"07/02/2023 06:55:50",38.172,38.118,4.63,0.32,"MW",4.2,"Yeşilyurt (Malatya)",543936
"07/02/2023 06:36:59",36.213,36.291,14.18,0.28,"MW",4.3,"Antakya (Hatay)",543931
"07/02/2023 06:30:01",37.677,37.791,9.71,0.19,"MW",4.4,"Gölbaşı (Adıyaman)",543927
"07/02/2023 06:16:15",37.339,37.611,9.3,0.24,"MW",4.7,"Pazarcık (Kahramanmaraş)",543924
"07/02/2023 06:13:12",37.655,37.808,8.44,0.37,"MW",5.4,"Gölbaşı (Adıyaman)",543917
"07/02/2023 06:08:55",37.629,37.975,6.87,0.3,"MW",5,"Doğanşehir (Malatya)",543919
"07/02/2023 06:02:53",37.093,37.284,10.61,0.5,"MW",4.4,"Pazarcık (Kahramanmaraş)",543918
"07/02/2023 05:55:54",38.069,38.175,7.01,0.35,"MW",4.1,"Yeşilyurt (Malatya)",543914
"07/02/2023 05:53:28",36.626,38.074,6.53,0.49,"MW",4.6,"Göksun (Kahramanmaraş)",543910
"07/02/2023 05:47:37",35.957,36.071,10.76,0.4,"MW",4.7,"Samandağ (Hatay)",543905
"07/02/2023 05:43:25",37.011,38.013,3.09,0.43,"MW",4.3,"Ekinözü (Kahramanmaraş)",543904
"07/02/2023 05:39:01",37.527,38.588,7.03,0.27,"MW",4.1,"Darende (Malatya)",543903
"07/02/2023 05:34:39",36.739,37.869,6.97,0.09,"MW",4.1,"Onikişubat (Kahramanmaraş)",543909
"07/02/2023 05:12:17",37.667,37.773,5.11,0.2,"MW",4,"Gölbaşı (Adıyaman)",543900
"07/02/2023 04:34:30",37.001,37.39,6.93,0.47,"MW",4.4,"Dulkadiroğlu (Kahramanmaraş)",543874
"07/02/2023 04:33:57",37.584,37.987,6.96,0.34,"MW",4,"Doğanşehir (Malatya)",543882
"07/02/2023 04:31:59",36.522,38.001,7.97,0.48,"MW",4.2,"Göksun (Kahramanmaraş)",543880
"07/02/2023 04:29:18",36.842,38.089,6.84,0.27,"MW",4.3,"Göksun (Kahramanmaraş)",543871
"07/02/2023 03:29:15",37.173,37.524,7.58,0.18,"MW",4,"Dulkadiroğlu (Kahramanmaraş)",543859
"07/02/2023 03:23:45",36.574,38.039,6.83,0.37,"MW",4.1,"Göksun (Kahramanmaraş)",543855
"07/02/2023 03:20:15",36.625,37.883,7,0.46,"MW",4.2,"Onikişubat (Kahramanmaraş)",543853
"07/02/2023 03:12:18",36.551,38.038,4.22,0.34,"MW",4,"Göksun (Kahramanmaraş)",543850
"07/02/2023 02:32:04",38.236,38.076,7.01,0.99,"MW",4,"Çelikhan (Adıyaman)",543840
"07/02/2023 02:29:15",35.438,35.627,32.91,0.99,"MW",4.5,"Akdeniz",543837
"07/02/2023 02:13:27",37.468,38.002,7.01,0.37,"MW",4.2,"Nurhak (Kahramanmaraş)",543832
"07/02/2023 01:55:26",36.642,37.936,6.79,0.5,"MW",4,"Onikişubat (Kahramanmaraş)",543825
"07/02/2023 01:44:54",36.542,38.04,7,0.38,"MW",4,"Göksun (Kahramanmaraş)",543818
"07/02/2023 01:29:39",36.525,38.058,7.11,0.33,"MW",4.4,"Göksun (Kahramanmaraş)",543814
"07/02/2023 01:26:17",37.505,37.992,7.38,0.29,"MW",4.3,"Nurhak (Kahramanmaraş)",543805
"07/02/2023 01:11:35",38.191,38.31,4.77,0.46,"MW",4.4,"Yeşilyurt (Malatya)",543808
"07/02/2023 01:09:50",36.921,38.077,6.93,0.45,"MW",4,"Göksun (Kahramanmaraş)",543807
"07/02/2023 00:57:43",36.52,38.049,3.8,0.67,"MW",4.8,"Göksun (Kahramanmaraş)",543798
"07/02/2023 00:41:26",36.565,38.008,6.86,0.34,"MW",4,"Göksun (Kahramanmaraş)",543797
"07/02/2023 00:39:39",35.889,36.732,7.27,0.87,"MW",4.1,"Akdeniz - İskenderun Körfezi - [09.05 km] Yumurtalık (Adana)",548026
"07/02/2023 00:38:46",36.698,37.139,6.98,0.29,"MW",4.1,"Nurdağı (Gaziantep)",543799
"07/02/2023 00:15:17",37.04,38.062,17.4,0.49,"MW",5,"Ekinözü (Kahramanmaraş)",543789
"07/02/2023 00:06:30",37.167,37.522,6.78,0.32,"ML",4,"Dulkadiroğlu (Kahramanmaraş)",543785
"07/02/2023 00:02:05",36.485,36.669,7.31,0.33,"MW",4.7,"Hassa (Hatay)",543781
"06/02/2023 23:58:13",36.361,37.937,7.02,0.25,"MW",4.2,"Göksun (Kahramanmaraş)",543782
"06/02/2023 23:55:48",36.421,38.019,6.99,0.07,"MW",4.5,"Göksun (Kahramanmaraş)",543783
"06/02/2023 23:54:00",36.438,38.007,7.86,0.45,"MW",4.8,"Göksun (Kahramanmaraş)",547972
"06/02/2023 23:53:22",38.255,38.247,5.7,0.33,"MW",4.8,"Yeşilyurt (Malatya)",543780
"06/02/2023 23:44:00",36.576,37.975,9.7,0.26,"MW",4.8,"Onikişubat (Kahramanmaraş)",543777
"06/02/2023 23:41:29",37.413,37.704,6.96,0.45,"ML",4.1,"Çağlayancerit (Kahramanmaraş)",543779
"06/02/2023 23:40:05",38.07,38.24,5.82,0.29,"MW",5.2,"Yeşilyurt (Malatya)",543774
"06/02/2023 23:37:51",37.046,37.293,5.96,0.43,"MW",5.5,"Pazarcık (Kahramanmaraş)",543773
"06/02/2023 23:23:10",38.715,38.199,6.99,0.21,"MW",4.1,"Pütürge (Malatya)",543770
"06/02/2023 23:21:54",36.411,38.041,10.28,0.35,"MW",4.1,"Göksun (Kahramanmaraş)",543769
"06/02/2023 23:14:10",36.473,38.025,7.02,0.26,"MW",4.4,"Göksun (Kahramanmaraş)",543768
"06/02/2023 23:11:47",37.706,38.044,7.06,0.32,"MW",4.3,"Doğanşehir (Malatya)",543766
"06/02/2023 23:05:34",36.427,38.038,6.9,0.63,"MW",4.8,"Göksun (Kahramanmaraş)",543762
"06/02/2023 23:05:22",37.803,38.143,6.93,0.14,"MW",4,"Doğanşehir (Malatya)",568634
"06/02/2023 22:57:59",36.594,37.885,11.8,0.5,"MW",4,"Onikişubat (Kahramanmaraş)",543763
"06/02/2023 22:51:18",41.09,38.984,10.72,0.3,"MW",4,"Solhan (Bingöl)",547340
"06/02/2023 22:49:38",36.601,38.081,10.18,0.29,"MW",4.4,"Göksun (Kahramanmaraş)",543753
"06/02/2023 22:47:57",36.586,37.994,6.92,0.29,"MW",4.1,"Onikişubat (Kahramanmaraş)",543758
"06/02/2023 22:43:42",37.808,38.111,7.02,0.3,"MW",4,"Doğanşehir (Malatya)",543757
"06/02/2023 22:40:15",38.207,38.076,4.31,0.31,"MW",4.5,"Çelikhan (Adıyaman)",543754
"06/02/2023 22:35:49",37.164,37.536,8.99,0.4,"MW",4.5,"Dulkadiroğlu (Kahramanmaraş)",543751
"06/02/2023 22:30:59",37.32,38.06,4.81,0.43,"MW",4.6,"Nurhak (Kahramanmaraş)",543747
"06/02/2023 22:25:00",36.644,37.872,7.04,0.43,"MW",4.3,"Onikişubat (Kahramanmaraş)",543746
"06/02/2023 22:15:46",36.472,38.041,10.28,0.46,"MW",4.4,"Göksun (Kahramanmaraş)",543744
"06/02/2023 22:12:30",37.461,38.019,13.17,0.3,"MW",4.1,"Elbistan (Kahramanmaraş)",543745
"06/02/2023 22:10:30",36.492,38.023,7.89,0.31,"MW",4,"Göksun (Kahramanmaraş)",543748
"06/02/2023 21:51:19",36.58,36.906,7.77,0.27,"MW",4.2,"İslahiye (Gaziantep)",543735
"06/02/2023 21:50:00",37.103,37.444,8.38,0.31,"MW",4,"Dulkadiroğlu (Kahramanmaraş)",543736
"06/02/2023 21:48:46",38.207,38.277,7.04,0.48,"MW",4.1,"Yeşilyurt (Malatya)",543737
"06/02/2023 21:32:38",38.205,38.006,7.03,0.44,"MW",4.1,"Çelikhan (Adıyaman)",543731
"06/02/2023 21:17:48",38.548,38.147,10.02,0.29,"MW",4.1,"Sincik (Adıyaman)",543730
"06/02/2023 21:05:01",36.403,38.004,7.03,0.14,"MW",5,"Göksun (Kahramanmaraş)",543721
"06/02/2023 21:03:54",36.484,38.043,12.79,0.37,"MW",5.2,"Göksun (Kahramanmaraş)",543718
"06/02/2023 21:02:44",36.575,38.169,6.99,0.33,"ML",4.5,"Göksun (Kahramanmaraş)",543720
"06/02/2023 20:48:57",38.053,38.211,11.35,0.32,"MW",4.1,"Yeşilyurt (Malatya)",543719
"06/02/2023 20:46:49",37.86,38.18,12.81,0.68,"MW",4.4,"Doğanşehir (Malatya)",543715
"06/02/2023 20:33:02",37.146,37.451,5.12,0.37,"MW",4.1,"Dulkadiroğlu (Kahramanmaraş)",543711
"06/02/2023 20:31:33",36.72,37.145,10.53,0.42,"MW",4.5,"Nurdağı (Gaziantep)",543710
"06/02/2023 20:26:24",36.606,38.1,5.15,0.48,"MW",4.6,"Göksun (Kahramanmaraş)",543713
"06/02/2023 20:22:02",36.512,38.111,7.09,0.44,"MW",4.3,"Göksun (Kahramanmaraş)",543712
"06/02/2023 20:19:07",37.862,38.121,7.09,0.2,"MW",4,"Doğanşehir (Malatya)",547202
"06/02/2023 20:11:48",37.4361,38.0772,7,0.35,"MW",4.4,"Nurhak (Kahramanmaraş)",543708
"06/02/2023 20:01:18",36.871,38.125,7.01,0.33,"MW",4,"Göksun (Kahramanmaraş)",543703
"06/02/2023 19:55:34",37.392,38.021,7.06,0.21,"MW",4.5,"Nurhak (Kahramanmaraş)",543698
"06/02/2023 19:53:44",36.578,38.048,7.63,0.74,"MW",4,"Göksun (Kahramanmaraş)",543702
"06/02/2023 19:51:56",37.58,38.019,7.04,0.21,"MW",4,"Nurhak (Kahramanmaraş)",543701
"06/02/2023 19:49:19",38.176,38.264,6.94,0.4,"MW",4,"Yeşilyurt (Malatya)",543700
"06/02/2023 19:46:38",36.498,38.043,7.19,0.3,"MW",4.5,"Göksun (Kahramanmaraş)",543699
"06/02/2023 19:43:27",36.472,38.024,10.06,0.43,"MW",5.1,"Göksun (Kahramanmaraş)",543695
"06/02/2023 19:35:16",39.091,38.241,7,0.34,"MW",4.5,"Doğanyol (Malatya)",543692
"06/02/2023 19:32:11",36.424,36.69,10.18,0.25,"MW",4.7,"Hassa (Hatay)",543691
"06/02/2023 19:28:08",36.875,37.381,7,0.42,"MW",4.6,"Türkoğlu (Kahramanmaraş)",543693
"06/02/2023 19:26:39",36.374,38.044,6.99,0.8,"MW",4.8,"Göksun (Kahramanmaraş)",543694
"06/02/2023 19:25:00",36.458,38.053,10.59,0.41,"MW",4.1,"Göksun (Kahramanmaraş)",543690
"06/02/2023 19:22:44",36.487,38.009,7.16,0.32,"MW",4,"Göksun (Kahramanmaraş)",543696
"06/02/2023 19:21:45",36.47,38.061,7.01,0.31,"MW",4.1,"Göksun (Kahramanmaraş)",543689
"06/02/2023 19:07:48",38.169,38.25,4.01,0.52,"MW",4.1,"Yeşilyurt (Malatya)",543684
"06/02/2023 19:06:41",37.001,38.074,7.01,0.29,"MW",4.1,"Ekinözü (Kahramanmaraş)",543682
"06/02/2023 19:02:14",37.422,38.002,4.02,0.2,"MW",4.1,"Nurhak (Kahramanmaraş)",547822
"06/02/2023 18:59:25",37.578,38.002,7.05,0.18,"MW",4.2,"Nurhak (Kahramanmaraş)",543677
"06/02/2023 18:52:42",37.804,37.873,7,0.13,"MW",4,"Gölbaşı (Adıyaman)",543680
"06/02/2023 18:51:21",37.783,38.119,7,0.47,"MW",4.1,"Doğanşehir (Malatya)",543678
"06/02/2023 18:44:07",36.585,38.061,6.21,0.43,"MW",4.4,"Göksun (Kahramanmaraş)",543685
"06/02/2023 18:40:00",36.638,37.907,5.6,0.41,"MW",4.7,"Onikişubat (Kahramanmaraş)",543679
"06/02/2023 18:38:03",37.665,37.834,0.43,0.35,"MW",4.6,"Gölbaşı (Adıyaman)",543676
"06/02/2023 18:33:31",38.182,38.239,11.15,0.55,"MW",5.3,"Yeşilyurt (Malatya)",543669
"06/02/2023 18:21:32",37.237,37.555,6.12,0.44,"MW",4.1,"Pazarcık (Kahramanmaraş)",543671
"06/02/2023 18:14:32",37.667,37.977,7.04,0.46,"MW",5,"Doğanşehir (Malatya)",543664
"06/02/2023 18:08:06",37.654,37.962,14.34,0.95,"MW",4.2,"Doğanşehir (Malatya)",543666
"06/02/2023 18:06:54",40.01,38.79,7.69,0.4,"MW",4.3,"Kovancılar (Elazığ)",543674
"06/02/2023 18:01:23",36.629,38.027,7.12,0.94,"MW",4,"Göksun (Kahramanmaraş)",543668
"06/02/2023 17:57:45",37.833,38.109,7,0.31,"MW",4.4,"Doğanşehir (Malatya)",543660
"06/02/2023 17:55:34",37.865,38.135,9.09,0.14,"MW",4.2,"Doğanşehir (Malatya)",547302
"06/02/2023 17:53:50",36.593,36.874,5.56,0.41,"MW",4,"Hassa (Hatay)",543658
"06/02/2023 17:51:15",38.491,38.008,7.2,0.61,"MW",4.4,"Sincik (Adıyaman)",543657
"06/02/2023 17:41:56",37.908,38.143,6.26,0.23,"MW",4.1,"Doğanşehir (Malatya)",543659
"06/02/2023 17:37:54",36.61,36.949,6.8,0.47,"MW",4.1,"İslahiye (Gaziantep)",543656
"06/02/2023 17:33:05",37.908,38.043,7.43,0.39,"MW",4.1,"Doğanşehir (Malatya)",547293
"06/02/2023 17:29:57",36.42,37.962,7.02,0.49,"MW",4.7,"Göksun (Kahramanmaraş)",543655
"06/02/2023 17:27:43",36.51,36.853,9.17,0.67,"ML",4.7,"Hassa (Hatay)",543651
"06/02/2023 17:24:49",37.184,37.514,7,0.31,"ML",4,"Dulkadiroğlu (Kahramanmaraş)",543649
"06/02/2023 17:20:49",38.216,38.24,6.98,0.52,"ML",4.1,"Yeşilyurt (Malatya)",543652
"06/02/2023 17:17:16",37.541,37.984,7.47,0.82,"ML",4.1,"Nurhak (Kahramanmaraş)",543650
"06/02/2023 17:14:51",36.873,37.456,7.18,0.43,"ML",4.2,"Türkoğlu (Kahramanmaraş)",543648
"06/02/2023 17:10:10",37.467,38.003,7.17,0.4,"MW",4.7,"Nurhak (Kahramanmaraş)",543643
"06/02/2023 17:04:48",36.471,37.976,2.85,0.46,"MW",4.4,"Göksun (Kahramanmaraş)",543646
"06/02/2023 17:03:07",37.768,38.076,7.02,0.32,"MW",4.1,"Doğanşehir (Malatya)",543645
"06/02/2023 16:58:48",36.633,38.011,6.3,0.28,"MW",4.2,"Göksun (Kahramanmaraş)",543642
"06/02/2023 16:44:49",37.555,38.007,8.76,0.45,"MW",5.1,"Nurhak (Kahramanmaraş)",543639
"06/02/2023 16:39:23",37.628,38.037,7.2,0.52,"MW",5.3,"Doğanşehir (Malatya)",543638
"06/02/2023 16:36:09",36.178,36.364,7,0.33,"MW",4,"Antakya (Hatay)",547707
"06/02/2023 16:33:16",37.735,37.733,7.02,0.41,"MW",4.1,"Besni (Adıyaman)",547711
"06/02/2023 16:17:42",36.59,38.0897,10.85,0.55,"MW",5.2,"Göksun (Kahramanmaraş)",543636
"06/02/2023 16:16:37",37.877,38.135,6.96,0.27,"MW",4,"Doğanşehir (Malatya)",553622
"06/02/2023 16:13:59",38.153,37.975,6.97,0.21,"MW",4.3,"Doğanşehir (Malatya)",543637
"06/02/2023 16:03:15",37.475,37.979,6.98,0.23,"MW",4.3,"Nurhak (Kahramanmaraş)",547701
"06/02/2023 16:00:13",38.194,38.337,7.06,0.48,"ML",4.3,"Yeşilyurt (Malatya)",543635
"06/02/2023 15:58:45",36.621,37.975,6.95,0.42,"MW",4.1,"Onikişubat (Kahramanmaraş)",543633
"06/02/2023 15:55:45",36.609,38.023,6.95,0.27,"MW",4.2,"Göksun (Kahramanmaraş)",543632
"06/02/2023 15:54:40",36.722,38.06,7.02,0.7,"MW",4.6,"Göksun (Kahramanmaraş)",543630
"06/02/2023 15:47:59",36.986,38.137,12.18,0.25,"MW",4.3,"Afşin (Kahramanmaraş)",543634
"06/02/2023 15:45:20",36.476,38,7.11,0.42,"MW",4.3,"Göksun (Kahramanmaraş)",543631
"06/02/2023 15:39:15",38.201,38.247,7,0.61,"MW",4.4,"Yeşilyurt (Malatya)",543626
"06/02/2023 15:36:44",36.475,38.025,7.1,0.59,"MW",4.8,"Göksun (Kahramanmaraş)",560168
"06/02/2023 15:36:35",38.323,38.051,9.92,0.41,"MW",4.6,"Çelikhan (Adıyaman)",543628
"06/02/2023 15:34:41",38.234,38.251,7.11,0.49,"MW",4.8,"Yeşilyurt (Malatya)",543625
"06/02/2023 15:32:46",38.184,37.96,7.17,0.5,"MW",4.3,"Merkez (Adıyaman)",543629
"06/02/2023 15:28:38",38.457,38.094,7.01,0.1,"MW",4.1,"Çelikhan (Adıyaman)",543621
"06/02/2023 15:21:18",36.435,38.027,6.96,0.47,"ML",4.5,"Göksun (Kahramanmaraş)",543622
"06/02/2023 15:13:45",37.483,37.988,7,0.3,"MW",5.1,"Nurhak (Kahramanmaraş)",543618
"06/02/2023 15:13:13",37.726,37.951,7,0.68,"ML",4.1,"Doğanşehir (Malatya)",547185
"06/02/2023 15:02:11",36.478,38.071,17.04,0.93,"MW",5.9,"Göksun (Kahramanmaraş)",543617
"06/02/2023 15:00:44",37.85,38.14,6.98,0.34,"ML",4.7,"Doğanşehir (Malatya)",547272
"06/02/2023 14:58:35",37.674,38.033,5.51,0.31,"MW",4.8,"Doğanşehir (Malatya)",543615
"06/02/2023 14:55:57",36.613,37.992,7.36,0.78,"MW",4.4,"Göksun (Kahramanmaraş)",547811
"06/02/2023 14:50:05",36.501,38.037,15.14,0.64,"MW",4.4,"Göksun (Kahramanmaraş)",543619
"06/02/2023 14:44:05",38.149,38.259,6.59,0.72,"ML",4.7,"Yeşilyurt (Malatya)",547764
"06/02/2023 14:39:41",36.529,38.052,7.03,0.65,"ML",4.8,"Göksun (Kahramanmaraş)",543611
"06/02/2023 14:35:26",37.504,38.005,7.48,0.75,"ML",4.5,"Nurhak (Kahramanmaraş)",543610
"06/02/2023 14:34:17",37.739,38.07,7,0.33,"ML",4,"Doğanşehir (Malatya)",547773
"06/02/2023 14:30:42",38.067,38.255,6.52,0.63,"ML",4.4,"Akçadağ (Malatya)",543612
"06/02/2023 14:27:58",38.272,38.057,7.02,0.38,"ML",4.4,"Çelikhan (Adıyaman)",543607
"06/02/2023 14:20:21",37.867,38.174,6.81,0.25,"MW",4.3,"Doğanşehir (Malatya)",543605
"06/02/2023 14:16:42",36.387,37.883,5.87,0.33,"ML",4.4,"Göksun (Kahramanmaraş)",543604
"06/02/2023 14:11:39",37.392,38.012,8.61,0.19,"ML",4.8,"Nurhak (Kahramanmaraş)",543600
"06/02/2023 14:05:35",36.571,38.108,5.35,0.38,"ML",4.8,"Göksun (Kahramanmaraş)",543601
"06/02/2023 14:04:36",36.816,38.103,3.26,0.45,"ML",4.4,"Göksun (Kahramanmaraş)",543606
"06/02/2023 14:01:35",37.419,37.976,7.01,0.29,"ML",4.5,"Nurhak (Kahramanmaraş)",547724
"06/02/2023 14:00:52",38.019,38.133,7.55,0.55,"ML",4.4,"Doğanşehir (Malatya)",543608
"06/02/2023 13:56:24",37.625,38.021,7,0.38,"ML",4.6,"Doğanşehir (Malatya)",547752
"06/02/2023 13:55:04",38.296,38.301,6.83,0.51,"ML",4.6,"Yeşilyurt (Malatya)",543603
"06/02/2023 13:54:37",36.419,37.981,7.07,0.68,"ML",4.4,"Göksun (Kahramanmaraş)",547757
"06/02/2023 13:51:30",38.151,38.305,10.4,0.69,"MW",5.7,"Yeşilyurt (Malatya)",543599
"06/02/2023 13:46:56",36.823,38.095,6.98,0.37,"ML",4.7,"Göksun (Kahramanmaraş)",547747
"06/02/2023 13:43:25",37.157,38.086,7,0.69,"ML",4.3,"Ekinözü (Kahramanmaraş)",547320
"06/02/2023 13:42:39",38.06,38.219,14.65,0.68,"ML",4.5,"Yeşilyurt (Malatya)",547314
"06/02/2023 13:41:13",36.433,37.991,6.99,0.48,"ML",4.4,"Göksun (Kahramanmaraş)",547306
"06/02/2023 13:38:56",37.636,37.978,7.3,0.93,"ML",4.7,"Doğanşehir (Malatya)",543598
"06/02/2023 13:35:57",37.92,38.172,11.28,0.78,"MW",5.9,"Doğanşehir (Malatya)",543594
"06/02/2023 13:34:48",37.433,37.989,7.02,0.5,"ML",4.9,"Nurhak (Kahramanmaraş)",547300
"06/02/2023 13:33:42",37.856,38.126,6.92,0.88,"ML",4.9,"Doğanşehir (Malatya)",547297
"06/02/2023 13:32:08",37.241,38.064,10.93,0.88,"ML",5.5,"Ekinözü (Kahramanmaraş)",543595
"06/02/2023 13:26:46",38.271,38.332,6.89,0.5,"ML",5.8,"Yeşilyurt (Malatya)",565451
"06/02/2023 13:24:47",37.239,38.089,7,0.58,"MW",7.6,"Elbistan (Kahramanmaraş)",543593
"06/02/2023 13:12:14",38.404,38.09,5.48,0.33,"MW",4.3,"Çelikhan (Adıyaman)",547270
"06/02/2023 13:07:31",35.302,35.424,7.08,0.98,"ML",4.6,"Akdeniz",543591
"06/02/2023 12:54:21",37.652,37.8,7,1,"ML",4,"Gölbaşı Gölü - [01.23 km] Gölbaşı (Adıyaman)",543592
"06/02/2023 12:48:43",39.515,38.87,7,0.46,"ML",4.2,"Pertek (Tunceli)",543590
"06/02/2023 12:36:16",36.888,37.251,13.29,0.31,"MW",4.7,"Nurdağı (Gaziantep)",543586
"06/02/2023 12:23:44",36.431,36.974,8.4,1.21,"MW",4.6,"Merkez (Osmaniye)",543577
"06/02/2023 12:21:00",38.132,38.035,7,0.85,"MW",4.4,"Çelikhan (Adıyaman)",543580
"06/02/2023 12:05:52",37.065,37.476,8.48,0.33,"ML",4,"Dulkadiroğlu (Kahramanmaraş)",543584
"06/02/2023 11:58:36",38.31,38.03,7.85,0.87,"MW",4.5,"Çelikhan (Adıyaman)",543568
"06/02/2023 11:52:37",37.155,37.518,7,0.35,"MW",4.6,"Dulkadiroğlu (Kahramanmaraş)",543567
"06/02/2023 11:45:33",37.151,37.391,9.09,0.36,"MW",4,"Pazarcık (Kahramanmaraş)",543569
"06/02/2023 11:02:13",38.002,37.892,15.5,0.39,"MW",4.5,"Doğanşehir (Malatya)",543558
"06/02/2023 10:41:12",37.946,37.935,7.69,0.29,"MW",4.2,"Doğanşehir (Malatya)",543552
"06/02/2023 10:31:02",37.186,37.341,7,0.76,"ML",4.1,"Pazarcık (Kahramanmaraş)",543549
"06/02/2023 10:25:51",37.205,37.417,6.67,0.31,"ML",4.2,"Pazarcık (Kahramanmaraş)",543544
"06/02/2023 10:21:05",37.155,37.536,7,0.93,"ML",4,"Dulkadiroğlu (Kahramanmaraş)",543547
"06/02/2023 10:08:31",36.425,36.639,7,0.45,"MW",4.4,"Kırıkhan (Hatay)",543540
"06/02/2023 10:04:07",37.176,37.506,6.92,0.91,"ML",4,"Dulkadiroğlu (Kahramanmaraş)",543539
"06/02/2023 09:59:05",37.169,37.522,7.32,0.22,"ML",4.2,"Dulkadiroğlu (Kahramanmaraş)",543533
"06/02/2023 09:54:57",37.457,37.733,7,0.49,"MW",5,"Çağlayancerit (Kahramanmaraş)",543531
"06/02/2023 09:43:27",38.241,38.002,7,0.42,"MW",4.3,"Çelikhan (Adıyaman)",543527
"06/02/2023 09:43:10",37.394,37.826,8,0.51,"ML",4.1,"Çağlayancerit (Kahramanmaraş)",547299
"06/02/2023 09:38:09",36.519,36.815,6.92,0.47,"MW",4.2,"Hassa (Hatay)",543524
"06/02/2023 09:27:50",38.29,38.044,7.01,0.46,"MW",4.2,"Çelikhan (Adıyaman)",547218
"06/02/2023 09:26:28",37.02,37.28,10.97,0.23,"MW",4.5,"Pazarcık (Kahramanmaraş)",543517
"06/02/2023 09:21:22",38.598,37.057,7,0.56,"ML",4,"Karaköprü (Şanlıurfa)",547225
"06/02/2023 08:55:49",38.473,38.08,3.33,0.42,"MW",4.4,"Sincik (Adıyaman)",543512
"06/02/2023 08:44:54",36.246,36.396,13.59,0.32,"MW",4.3,"Antakya (Hatay)",543514
"06/02/2023 08:40:36",38.172,37.985,7.05,0.23,"MW",4.2,"Merkez (Adıyaman)",543510
"06/02/2023 08:36:32",36.143,36.339,13.07,0.31,"MW",4.5,"Antakya (Hatay)",543506
"06/02/2023 08:33:08",38.335,38.099,12.21,0.46,"MW",4.3,"Çelikhan (Adıyaman)",543504
"06/02/2023 08:31:22",38.327,38.113,8.31,0.22,"MW",4.1,"Çelikhan (Adıyaman)",543502
"06/02/2023 08:22:50",38.473,38.114,13.59,0.35,"MW",4.4,"Sincik (Adıyaman)",543505
"06/02/2023 08:19:46",38.393,38.089,12.05,0.39,"MW",4.2,"Çelikhan (Adıyaman)",543503
"06/02/2023 08:17:56",38.464,38.107,7,0.18,"MW",4.1,"Sincik (Adıyaman)",543500
"06/02/2023 08:16:54",37.773,37.854,12.4,0.31,"MW",4.4,"Gölbaşı (Adıyaman)",543499
"06/02/2023 08:12:51",37.22,37.518,5.05,0.18,"MW",4,"Pazarcık (Kahramanmaraş)",543501
"06/02/2023 08:08:36",36.869,37.361,7.97,0.31,"MW",4.2,"Türkoğlu (Kahramanmaraş)",543498
"06/02/2023 08:01:48",37.891,37.887,11.67,0.38,"ML",4.7,"Tut (Adıyaman)",543495
"06/02/2023 07:56:04",37.219,37.467,10.14,0.5,"MW",4.4,"Pazarcık (Kahramanmaraş)",543494
"06/02/2023 07:45:02",37.058,37.509,6.32,0.39,"MW",4.1,"Dulkadiroğlu (Kahramanmaraş)",543496
"06/02/2023 07:39:44",37.749,37.841,10.65,0.36,"MW",4.7,"Gölbaşı (Adıyaman)",543480
"06/02/2023 07:31:08",37.963,37.877,9.28,0.22,"MW",4.1,"Tut (Adıyaman)",543487
"06/02/2023 07:31:01",36.787,37.305,7,0.23,"MW",4,"Türkoğlu (Kahramanmaraş)",565834
"06/02/2023 07:24:44",37.281,37.572,10.83,0.22,"MW",4.2,"Pazarcık (Kahramanmaraş)",543479
"06/02/2023 07:24:32",27.713,40.202,9.74,0.28,"MW",4.6,"Gönen (Balıkesir)",543475
"06/02/2023 07:18:44",38.57,38.186,7.37,0.31,"MW",4.8,"Battalgazi (Malatya)",543476
"06/02/2023 07:16:49",37.237,37.521,7.06,0.48,"MW",4.6,"Pazarcık (Kahramanmaraş)",543473
"06/02/2023 07:05:57",36.968,37.166,7.47,0.34,"MW",4.4,"Nurdağı (Gaziantep)",543488
"06/02/2023 07:05:15",37.523,37.718,13.46,0.2,"MW",4.4,"Gölbaşı (Adıyaman)",543478
"06/02/2023 07:03:27",37.798,37.858,7,0.27,"ML",4,"Gölbaşı (Adıyaman)",543492
"06/02/2023 06:58:19",36.357,36.527,7.06,0.38,"MW",4.2,"Kırıkhan (Hatay)",543493
"06/02/2023 06:45:46",38.621,38.26,14.71,0.24,"MW",4.8,"Pütürge (Malatya)",543469
"06/02/2023 06:28:43",38.544,38.126,7.01,0.48,"MW",4.2,"Sincik (Adıyaman)",543465
"06/02/2023 06:24:29",37.862,37.838,6.48,0.48,"MW",4.4,"Tut (Adıyaman)",543464
"06/02/2023 06:22:43",38.634,38.276,11.22,0.27,"MW",4.3,"Battalgazi (Malatya)",543462
"06/02/2023 06:16:14",38.575,38.169,7.85,0.25,"MW",4.6,"Battalgazi (Malatya)",543461
"06/02/2023 06:12:12",37.271,37.558,7.08,0.2,"MW",4.4,"Pazarcık (Kahramanmaraş)",543460
"06/02/2023 06:10:19",37.839,37.878,7.02,0.48,"ML",4.4,"Gölbaşı (Adıyaman)",543459
"06/02/2023 06:04:43",38.551,38.126,11.18,0.43,"MW",4.8,"Sincik (Adıyaman)",543455
"06/02/2023 06:03:20",38.517,38.121,7.8,0.83,"ML",4.3,"Sincik (Adıyaman)",543458
"06/02/2023 06:01:12",38.43,38.085,6.99,0.52,"ML",4.1,"Çelikhan (Adıyaman)",543457
"06/02/2023 05:55:08",37.06,37.333,8.07,0.38,"MW",4.8,"Pazarcık (Kahramanmaraş)",543456
"06/02/2023 05:54:00",36.41,36.704,9.13,0.22,"MW",4.9,"Hassa (Hatay)",547195
"06/02/2023 05:43:32",38.643,38.251,7.41,0.25,"MW",4.2,"Pütürge (Malatya)",543452
"06/02/2023 05:38:43",38.392,38.118,7.02,0.3,"ML",4.4,"Çelikhan (Adıyaman)",543448
"06/02/2023 05:37:01",38.602,38.216,6.97,0.23,"MW",4.2,"Pütürge (Malatya)",543445
"06/02/2023 05:34:16",37.286,37.551,10.5,0.3,"MW",4.6,"Pazarcık (Kahramanmaraş)",543440
"06/02/2023 05:33:25",38.464,38.096,9.5,0.25,"ML",4,"Sincik (Adıyaman)",543441
"06/02/2023 05:29:26",37.186,37.481,7.19,0.3,"ML",4,"Dulkadiroğlu (Kahramanmaraş)",543443
"06/02/2023 05:26:32",38.226,37.997,11.2,0.09,"ML",4.5,"Merkez (Adıyaman)",543444
"06/02/2023 05:23:13",36.955,37.194,11.81,0.32,"MW",5.3,"Nurdağı (Gaziantep)",543436
"06/02/2023 05:17:40",36.701,37.096,6.38,0.42,"MW",4.9,"İslahiye (Gaziantep)",543435
"06/02/2023 05:06:22",38.368,38.084,6.95,0.99,"MW",5.1,"Çelikhan (Adıyaman)",543447
"06/02/2023 05:03:35",37.957,37.898,10.23,0.58,"MW",5.6,"Doğanşehir (Malatya)",543439
"06/02/2023 05:01:44",37.006,37.294,16.44,0.85,"MW",5.3,"Pazarcık (Kahramanmaraş)",543434
"06/02/2023 04:58:23",36.649,37.054,10.21,0.44,"MW",5.3,"İslahiye (Gaziantep)",543433
"06/02/2023 04:51:44",37.188,37.542,6.63,0.92,"MW",5.3,"Dulkadiroğlu (Kahramanmaraş)",543442
"06/02/2023 04:51:21",36.633,36.836,7,0.36,"MW",5,"Hassa (Hatay)",543438
"06/02/2023 04:50:08",38.604,38.167,6.99,0.16,"ML",4.6,"Battalgazi (Malatya)",547189
"06/02/2023 04:47:41",40.41,38.538,8.78,0.47,"ML",4.3,"Hani (Diyarbakır)",543446
"06/02/2023 04:41:13",38.505,38.09,5.58,0.11,"ML",4.6,"Sincik (Adıyaman)",547208
"06/02/2023 04:40:57",37.326,37.616,6.86,0.34,"ML",4.4,"Pazarcık (Kahramanmaraş)",547211
"06/02/2023 04:36:28",36.639,37.128,11.19,0.29,"ML",5.7,"Hasanbeyli (Osmaniye)",543430
"06/02/2023 04:35:04",36.476,36.571,7,0.14,"ML",4.6,"Kırıkhan (Hatay)",547209
"06/02/2023 04:33:30",38.687,38.187,7.2,0.17,"MW",4.7,"Pütürge (Malatya)",547214
"06/02/2023 04:30:28",38.509,38.117,7,0.19,"MW",5,"Sincik (Adıyaman)",547205
"06/02/2023 04:28:16",36.92,37.304,6.2,0.21,"MW",6.6,"Nurdağı (Gaziantep)",543431
"06/02/2023 04:26:49",36.992,37.235,6.98,0.42,"ML",5.6,"Nurdağı (Gaziantep)",543429
"06/02/2023 04:23:16",36.806,37.224,7,0.76,"ML",4.9,"Nurdağı (Gaziantep)",543432
"06/02/2023 04:17:32",37.043,37.288,8.6,1.92,"MW",7.7,"Pazarcık (Kahramanmaraş)",543428